chembl_id,drug_name,smiles,molecular_weight,logp,tpsa,hbd,hba,rotatable_bonds,ring_count
CHEMBL2,PRAZOSIN,COc1cc2nc(N3CCN(C(=O)c4ccco4)CC3)nc(N)c2cc1OC,383.40800000000024,1.7845999999999997,106.95,1,8,4,4
CHEMBL3,NICOTINE,CN1CCC[C@H]1c1cccnc1,162.236,1.8483,16.130000000000003,0,2,1,2
CHEMBL4,OFLOXACIN,CC1COc2c(N3CCN(C)CC3)c(F)cc3c(=O)c(C(=O)O)cn1c23,361.37300000000005,1.5439999999999998,75.00999999999999,1,5,2,4
CHEMBL5,NALIDIXIC ACID,CCn1cc(C(=O)O)c(=O)c2ccc(C)nc21,232.23899999999998,1.4230200000000002,72.19,1,3,2,2
CHEMBL6,INDOMETHACIN,COc1ccc2c(c1)c(CC(=O)O)c(C)n2C(=O)c1ccc(Cl)cc1,357.793,3.9273200000000026,68.53,1,3,4,3
CHEMBL403,SULBACTAM,CC1(C)[C@H](C(=O)O)N2C(=O)C[C@H]2S1(=O)=O,233.24499999999998,-0.794999999999999,91.75,1,4,1,2
CHEMBL404,TAZOBACTAM,C[C@]1(Cn2ccnn2)[C@H](C(=O)O)N2C(=O)C[C@H]2S1(=O)=O,300.296,-1.523199999999998,122.45999999999998,1,6,3,3
CHEMBL8,CIPROFLOXACIN,O=C(O)c1cn(C2CC2)c2cc(N3CCNCC3)c(F)cc2c1=O,331.34700000000004,1.5833,74.57,2,4,3,4
CHEMBL9,NORFLOXACIN,CCn1cc(C(=O)O)c(=O)c2cc(F)c(N3CCNCC3)cc21,319.336,1.2683,74.57000000000001,2,4,3,3
CHEMBL405,AMPHETAMINE,CC(N)Cc1ccccc1,135.20999999999998,1.5763,26.02,1,1,2,1
CHEMBL6622,ISOSORBIDE DINITRATE,O=[N+]([O-])O[C@H]1CO[C@H]2[C@@H]1OC[C@H]2O[N+](=O)[O-],236.13599999999997,-1.0622000000000003,123.20000000000002,0,8,4,2
CHEMBL6437,MIANSERIN,CN1CCN2c3ccccc3Cc3ccccc3C2C1,264.372,3.0839000000000016,6.48,0,2,0,4
CHEMBL11,IMIPRAMINE,CN(C)CCCN1c2ccccc2CCc2ccccc21,280.415,3.8750000000000027,6.48,0,2,4,3
CHEMBL406,INDAPAMIDE,CC1Cc2ccccc2N1NC(=O)c1ccc(Cl)c(S(N)(=O)=O)c1,365.84200000000004,2.0834,92.5,2,4,3,3
CHEMBL407,FLUMAZENIL,CCOC(=O)c1ncn2c1CN(C)C(=O)c1cc(F)ccc1-2,303.293,1.7736999999999998,64.43,0,4,2,3
CHEMBL408,TROGLITAZONE,Cc1c(C)c2c(c(C)c1O)CCC(C)(COc1ccc(CC3SC(=O)NC3=O)cc1)O2,441.54900000000015,4.374260000000002,84.86,2,6,5,4
CHEMBL409,BICALUTAMIDE,CC(O)(CS(=O)(=O)c1ccc(F)cc1)C(=O)Nc1ccc(C#N)c(C(F)(F)F)c1,430.3790000000001,2.8795800000000007,107.25999999999999,2,5,5,2
CHEMBL12,DIAZEPAM,CN1C(=O)CN=C(c2ccccc2)c2cc(Cl)ccc21,284.74600000000004,3.153800000000002,32.67,0,2,1,3
CHEMBL13,METOPROLOL,COCCc1ccc(OCC(O)CNC(C)C)cc1,267.36899999999997,1.6132,50.72,2,4,9,1
CHEMBL411,DIETHYLSTILBESTROL,CC/C(=C(/CC)c1ccc(O)cc1)c1ccc(O)cc1,268.356,4.828600000000005,40.46,2,2,4,2
CHEMBL267936,MECAMYLAMINE,CNC1(C)C2CCC(C2)C1(C)C,167.296,2.4206000000000003,12.03,1,1,1,2
CHEMBL14,CARBACHOL,C[N+](C)(C)CCOC(N)=O.[Cl-],182.65099999999998,-3.2080999999999973,52.32,1,2,3,0
CHEMBL16,PHENYTOIN,O=C1NC(=O)C(c2ccccc2)(c2ccccc2)N1,252.27300000000002,1.7696,58.2,2,2,2,3
CHEMBL413,SIROLIMUS,CO[C@H]1C[C@@H]2CC[C@@H](C)[C@@](O)(O2)C(=O)C(=O)N2CCCC[C@H]2C(=O)O[C@H]([C@H](C)C[C@@H]2CC[C@@H](O)[C@H](OC)C2)CC(=O)[C@H](C)/C=C(\C)[C@@H](O)[C@@H](OC)C(=O)[C@H](C)C[C@H](C)/C=C/C=C/C=C/1C,914.187,6.180600000000006,195.42999999999995,3,13,6,4
CHEMBL269732,TACROLIMUS ANHYDROUS,C=CC[C@@H]1/C=C(\C)C[C@H](C)C[C@H](OC)[C@H]2O[C@@](O)(C(=O)C(=O)N3CCCC[C@H]3C(=O)O[C@H](/C(C)=C/[C@@H]3CC[C@@H](O)[C@H](OC)C3)[C@H](C)[C@@H](O)CC1=O)[C@H](C)C[C@@H]2OC,804.0310000000001,4.639000000000004,178.35999999999996,3,12,7,4
CHEMBL415,CLOMIPRAMINE,CN(C)CCCN1c2ccccc2CCc2ccc(Cl)cc21,314.86,4.528400000000004,6.48,0,2,4,3
CHEMBL416,METHOXSALEN,COc1c2occc2cc2ccc(=O)oc12,216.19199999999995,2.5478000000000005,52.58,0,4,1,3
CHEMBL17,DICHLORPHENAMIDE,NS(=O)(=O)c1cc(Cl)c(Cl)c(S(N)(=O)=O)c1,305.16400000000004,0.2882000000000006,120.32,2,4,2,1
CHEMBL18,ETHOXZOLAMIDE,CCOc1ccc2nc(S(N)(=O)=O)sc2c1,258.32399999999996,1.3424,82.28,1,5,3,2
CHEMBL417,EPIRUBICIN,COc1cccc2c1C(=O)c1c(O)c3c(c(O)c1C2=O)C[C@@](O)(C(=O)CO)C[C@@H]3O[C@H]1C[C@H](N)[C@@H](O)[C@H](C)O1,543.5250000000003,0.0012999999999993017,206.07,6,12,5,5
CHEMBL19,METHAZOLAMIDE,CC(=O)/N=c1/sc(S(N)(=O)=O)nn1C,236.278,-1.4237999999999997,107.41,1,5,1,1
CHEMBL20,ACETAZOLAMIDE,CC(=O)Nc1nnc(S(N)(=O)=O)s1,222.251,-0.8561000000000003,115.03999999999999,2,6,2,1
CHEMBL419,MAFENIDE,NCc1ccc(S(N)(=O)=O)cc1,186.236,-0.20729999999999998,86.18,2,3,2,1
CHEMBL21,SULFANILAMIDE,Nc1ccc(S(N)(=O)=O)cc1,172.20900000000003,-0.08380000000000004,86.18,2,3,1,1
CHEMBL420,GUANABENZ,N=C(N)N/N=C/c1c(Cl)cccc1Cl,231.086,1.8103700000000003,74.26,3,2,2,1
CHEMBL22,TRIMETHOPRIM,COc1cc(Cc2cnc(N)nc2N)cc(OC)c1OC,290.32300000000004,1.2575999999999998,105.51,2,7,5,2
CHEMBL6966,VERAPAMIL,COc1ccc(CCN(C)CCCC(C#N)(c2ccc(OC)c(OC)c2)C(C)C)cc1OC,454.6110000000002,5.093080000000005,63.95,0,6,13,2
CHEMBL421,SULFASALAZINE,O=C(O)c1cc(/N=N/c2ccc(S(=O)(=O)Nc3ccccn3)cc2)ccc1O,398.4000000000001,3.7016000000000013,141.31,3,7,6,3
CHEMBL6466,COUMARIN,O=c1ccc2ccccc2o1,146.14499999999998,1.793,30.21,0,2,0,2
CHEMBL23,DILTIAZEM,COc1ccc([C@@H]2Sc3ccccc3N(CCN(C)C)C(=O)[C@@H]2OC(C)=O)cc1,414.52700000000016,3.368500000000002,59.080000000000005,0,6,6,3
CHEMBL24,ATENOLOL,CC(C)NCC(O)COc1ccc(CC(N)=O)cc1,266.34099999999995,0.45210000000000006,84.57999999999998,3,4,8,1
CHEMBL25,ASPIRIN,CC(=O)Oc1ccccc1C(=O)O,180.15899999999996,1.3101,63.60000000000001,1,3,2,1
CHEMBL422,TRIFLUOPERAZINE,CN1CCN(CCCN2c3ccccc3Sc3ccc(C(F)(F)F)cc32)CC1,407.50500000000017,4.945600000000005,9.72,0,4,4,4
CHEMBL26,SULPIRIDE,CCN1CCCC1CNC(=O)c1cc(S(N)(=O)=O)ccc1OC,341.4330000000001,0.5567000000000012,101.73,2,5,6,2
CHEMBL423,BETAXOLOL,CC(C)NCC(O)COc1ccc(CCOCC2CC2)cc1,307.434,2.3933999999999997,50.72,2,4,11,2
CHEMBL424,SALICYLIC ACID,O=C(O)c1ccccc1O,138.12199999999999,1.0903999999999998,57.53,2,2,1,1
CHEMBL425,OLSALAZINE,O=C(O)c1cc(/N=N/c2ccc(O)c(C(=O)O)c2)ccc1O,302.242,2.9096000000000006,139.78,4,6,4,2
CHEMBL27,PROPRANOLOL,CC(C)NCC(O)COc1cccc2ccccc12,259.34900000000005,2.5775000000000006,41.489999999999995,2,3,6,2
CHEMBL6995,PRACTOLOL,CC(=O)Nc1ccc(OCC(O)CNC(C)C)cc1,266.34099999999995,1.3826999999999992,70.59,3,4,7,1
CHEMBL427,MECHLORETHAMINE,CN(CCCl)CCCl,156.056,1.3958,3.24,0,1,4,0
CHEMBL29,PENICILLIN G,CC1(C)S[C@@H]2[C@H](NC(=O)Cc3ccccc3)C(=O)N2[C@H]1C(=O)O,334.39700000000005,0.8607999999999998,86.71000000000001,2,4,4,3
CHEMBL428,TROVAFLOXACIN,N[C@@H]1[C@H]2CN(c3nc4c(cc3F)c(=O)c(C(=O)O)cn4-c3ccc(F)cc3F)C[C@@H]12,416.3590000000001,1.8944999999999996,101.44999999999999,2,5,3,5
CHEMBL30,CIMETIDINE,CN/C(=N\CCSCc1nc[nH]c1C)NC#N,252.347,0.5974,88.88999999999999,3,4,5,1
CHEMBL31,GATIFLOXACIN,COc1c(N2CCNC(C)C2)c(F)cc2c(=O)c(C(=O)O)cn(C3CC3)c12,375.40000000000015,1.9804,83.80000000000001,2,5,4,4
CHEMBL429,LABETALOL,CC(CCc1ccccc1)NCC(O)c1ccc(O)c(C(N)=O)c1,328.4120000000001,2.1353999999999997,95.57999999999998,4,4,8,2
CHEMBL32,MOXIFLOXACIN,COc1c(N2C[C@@H]3CCCN[C@@H]3C2)c(F)cc2c(=O)c(C(=O)O)cn(C3CC3)c12,401.4380000000002,2.3705000000000007,83.80000000000001,2,5,4,5
CHEMBL33,LEVOFLOXACIN ANHYDROUS,C[C@H]1COc2c(N3CCN(C)CC3)c(F)cc3c(=O)c(C(=O)O)cn1c23,361.37300000000005,1.5439999999999998,75.00999999999999,1,5,2,4
CHEMBL430,GEMIFLOXACIN,CO/N=C1\CN(c2nc3c(cc2F)c(=O)c(C(=O)O)cn3C2CC2)CC1CN,389.38700000000017,0.966,123.04,2,7,5,4
CHEMBL431,SPIRAPRIL,CCOC(=O)[C@H](CCc1ccccc1)N[C@@H](C)C(=O)N1CC2(C[C@H]1C(=O)O)SCCS2,466.62500000000034,2.3908000000000005,95.94000000000001,2,7,9,3
CHEMBL433,VALPROATE SODIUM,CCCC(CCC)C(=O)[O-].[Na+],166.196,-2.043299999999997,40.129999999999995,0,2,5,0
CHEMBL434,ISOPROTERENOL,CC(C)NCC(O)c1ccc(O)c(O)c1,211.261,1.1291999999999998,72.72,4,4,4,1
CHEMBL435,HYDROCHLOROTHIAZIDE,NS(=O)(=O)c1cc2c(cc1Cl)NCNS2(=O)=O,297.74500000000006,-0.35129999999999967,118.35999999999999,3,5,1,2
CHEMBL35,FUROSEMIDE,NS(=O)(=O)c1cc(C(=O)O)c(NCc2ccco2)cc1Cl,330.749,1.8907,122.63000000000001,3,5,5,2
CHEMBL36,PYRIMETHAMINE,CCc1nc(N)nc(N)c1-c1ccc(Cl)cc1,248.71700000000004,2.5238000000000005,77.82,2,4,2,2
CHEMBL436,TOLRESTAT,COc1ccc2c(C(=S)N(C)CC(=O)O)cccc2c1C(F)(F)F,357.353,3.5591000000000026,49.769999999999996,1,3,4,2
CHEMBL437,SULFATHIAZOLE,Nc1ccc(S(=O)(=O)Nc2nccs2)cc1,255.32400000000004,1.5261,85.08,2,5,3,2
CHEMBL438,SULFAMERAZINE,Cc1ccnc(NS(=O)(=O)c2ccc(N)cc2)n1,264.31,1.16802,97.97,2,5,3,2
CHEMBL439,SULFADIAZINE,Nc1ccc(S(=O)(=O)Nc2ncccn2)cc1,250.28300000000004,0.8596000000000001,97.97,2,5,3,2
CHEMBL440,THIAMYLAL,C=CCC1(C(C)CCC)C(=O)NC(=S)NC1=O,254.355,1.5159999999999998,58.2,2,3,5,1
CHEMBL441,THIOPENTAL,CCCC(C)C1(CC)C(=O)NC(=S)NC1=O,242.34400000000002,1.3498999999999999,58.2,2,3,4,1
CHEMBL268164,CYCLOBARBITAL,CCC1(C2=CCCCC2)C(=O)NC(=O)NC1=O,236.271,1.2491999999999996,75.27000000000001,2,3,2,2
CHEMBL442,ERGOTAMINE,CN1C[C@H](C(=O)N[C@]2(C)O[C@@]3(O)[C@@H]4CCCN4C(=O)[C@H](Cc4ccccc4)N3C2=O)C=C2c3cccc4[nH]cc(c34)C[C@H]21,581.6730000000001,1.990800000000002,118.21000000000001,3,6,4,8
CHEMBL38,TRETINOIN,CC1=C(/C=C/C(C)=C/C=C/C(C)=C/C(=O)O)C(C)(C)CCC1,300.44200000000006,5.602600000000005,37.3,1,1,5,1
CHEMBL7413,METHOHEXITAL,C=CCC1(C(C)C#CCC)C(=O)NC(=O)N(C)C1=O,262.30899999999997,1.3066,66.48,1,3,3,1
CHEMBL40,PHENOBARBITAL,CCC1(c2ccccc2)C(=O)NC(=O)NC1=O,232.23899999999995,0.7004,75.27000000000001,2,3,2,2
CHEMBL41,FLUOXETINE,CNCCC(Oc1ccc(C(F)(F)F)cc1)c1ccccc1,309.33099999999996,4.435000000000003,21.259999999999998,1,2,6,2
CHEMBL443,SULFAMETHOXAZOLE,Cc1cc(NS(=O)(=O)c2ccc(N)cc2)no1,253.28300000000002,1.3660199999999998,98.22,2,5,3,2
CHEMBL444,BARBITAL,CCC1(CC)C(=O)NC(=O)NC1=O,184.195,0.15879999999999994,75.27000000000001,2,3,2,1
CHEMBL42,CLOZAPINE,CN1CCN(C2=Nc3cc(Cl)ccc3Nc3ccccc32)CC1,326.83100000000013,3.7227000000000023,30.869999999999997,1,4,0,4
CHEMBL445,NORTRIPTYLINE,CNCCC=C1c2ccccc2CCc2ccccc21,263.38399999999996,3.826400000000003,12.03,1,1,3,3
CHEMBL446,SULFAMETHAZINE,Cc1cc(C)nc(NS(=O)(=O)c2ccc(N)cc2)n1,278.337,1.4764399999999998,97.97,2,5,3,2
CHEMBL447,SECOBARBITAL,C=CCC1(C(C)CCC)C(=O)NC(=O)NC1=O,238.28699999999998,1.3510999999999997,75.27000000000001,2,3,5,1
CHEMBL448,PENTOBARBITAL,CCCC(C)C1(CC)C(=O)NC(=O)NC1=O,226.276,1.1849999999999998,75.27000000000001,2,3,4,1
CHEMBL7568,QUINACRINE,CCN(CC)CCCC(C)Nc1c2ccc(Cl)cc2nc2ccc(OC)cc12,399.9660000000002,5.972400000000006,37.39,1,4,9,3
CHEMBL267894,AMOBARBITAL,CCC1(CCC(C)C)C(=O)NC(=O)NC1=O,226.27599999999998,1.1849999999999998,75.27000000000001,2,3,4,1
CHEMBL7728,HEXOBARBITAL,CN1C(=O)NC(=O)C(C)(C2=CCCCC2)C1=O,236.27099999999993,1.2012999999999998,66.48,1,3,1,2
CHEMBL449,BUTABARBITAL,CCC(C)C1(CC)C(=O)NC(=O)NC1=O,212.249,0.7948999999999999,75.27000000000001,2,3,3,1
CHEMBL7863,APROBARBITAL,C=CCC1(C(C)C)C(=O)NC(=O)NC1=O,210.23299999999998,0.5709000000000001,75.27000000000001,2,3,3,1
CHEMBL450,METHARBITAL,CCC1(CC)C(=O)NC(=O)N(C)C1=O,198.22199999999998,0.5009999999999999,66.48,1,3,2,1
CHEMBL451,CHLORDIAZEPOXIDE,CNC1=Nc2ccc(Cl)cc2C(c2ccccc2)=[N+]([O-])C1,299.761,2.950700000000001,50.459999999999994,1,3,1,3
CHEMBL266349,MELAGATRAN,N=C(N)c1ccc(CNC(=O)[C@@H]2CCN2C(=O)[C@H](NCC(=O)O)C2CCCCC2)cc1,429.52100000000024,0.8108700000000015,148.60999999999999,5,5,9,3
CHEMBL452,CLONAZEPAM,O=C1CN=C(c2ccccc2Cl)c2cc([N+](=O)[O-])ccc2N1,315.716,3.037700000000001,84.6,1,4,2,3
CHEMBL453,SULFISOXAZOLE,Cc1noc(NS(=O)(=O)c2ccc(N)cc2)c1C,267.31,1.67444,98.22,2,5,3,2
CHEMBL268869,SULFAMETHOXYPYRIDAZINE,COc1ccc(NS(=O)(=O)c2ccc(N)cc2)nn1,280.30899999999997,0.8681999999999999,107.2,2,6,4,2
CHEMBL454,BUTALBITAL,C=CCC1(CC(C)C)C(=O)NC(=O)NC1=O,224.26,0.9609999999999999,75.27000000000001,2,3,4,1
CHEMBL455,SULFACETAMIDE,CC(=O)NS(=O)(=O)c1ccc(N)cc1,214.246,0.0935999999999998,89.26,2,4,2,1
CHEMBL43,AMSACRINE,COc1cc(NS(C)(=O)=O)ccc1Nc1c2ccccc2nc2ccccc12,393.46800000000013,4.511700000000003,80.32,2,5,5,4
CHEMBL456,ETHACRYNIC ACID,C=C(CC)C(=O)c1ccc(OCC(=O)O)c(Cl)c1Cl,303.14099999999996,3.6057000000000023,63.60000000000001,1,3,6,1
CHEMBL267744,TICRYNAFEN,O=C(O)COc1ccc(C(=O)c2cccs2)c(Cl)c1Cl,331.17600000000004,3.7493000000000016,63.6,1,4,5,2
CHEMBL457,GEMFIBROZIL,Cc1ccc(C)c(OCCCC(C)(C)C(=O)O)c1,250.33799999999997,3.573240000000002,46.53,1,2,6,1
CHEMBL45,MELATONIN,COc1ccc2[nH]cc(CCNC(C)=O)c2c1,232.28299999999996,1.8550999999999997,54.12,2,2,4,2
CHEMBL46,ONDANSETRON,Cc1nccn1CC1CCc2c(c3ccccc3n2C)C1=O,293.37000000000006,3.1285200000000017,39.82,0,2,2,4
CHEMBL49,BUSPIRONE,O=C1CC2(CCCC2)CC(=O)N1CCCCN1CCN(c2ncccn2)CC1,385.5120000000001,2.0881999999999996,69.64000000000001,0,6,6,4
CHEMBL51,KETANSERIN,O=C(c1ccc(F)cc1)C1CCN(CCn2c(=O)[nH]c3ccccc3c2=O)CC1,395.43400000000014,2.423800000000001,75.17,1,4,5,4
CHEMBL459,METHYLDOPA,C[C@](N)(Cc1ccc(O)c(O)c1)C(=O)O,211.21699999999998,0.4423000000000001,103.78000000000002,4,4,3,1
CHEMBL460,MOLINDONE,CCc1c(C)[nH]c2c1C(=O)C(CN1CCOCC1)CC2,276.38,1.96282,45.33,1,3,3,3
CHEMBL53,APOMORPHINE,CN1CCc2cccc3c2[C@H]1Cc1ccc(O)c(O)c1-3,267.328,2.8499000000000025,43.7,2,3,0,4
CHEMBL54,HALOPERIDOL,O=C(CCCN1CCC(O)(c2ccc(Cl)cc2)CC1)c1ccc(F)cc1,375.87100000000015,4.425600000000004,40.540000000000006,1,3,6,3
CHEMBL55,PENTAMIDINE,N=C(N)c1ccc(OCCCCCOc2ccc(C(=N)N)cc2)cc1,340.42699999999996,2.8828400000000007,118.2,4,4,10,2
CHEMBL463,AMINOHIPPURIC ACID,Nc1ccc(C(=O)NCC(=O)O)cc1,194.19000000000003,0.08319999999999966,92.42,3,3,3,1
CHEMBL464,ETRETINATE,CCOC(=O)/C=C(C)/C=C/C=C(C)/C=C/c1c(C)cc(OC)c(C)c1C,354.4900000000001,5.645560000000007,35.53,0,3,7,1
CHEMBL57,NEVIRAPINE,Cc1ccnc2c1NC(=O)c1cccnc1N2C1CC1,266.30400000000003,2.6512200000000004,58.120000000000005,1,4,1,4
CHEMBL465,DRONABINOL,CCCCCc1cc(O)c2c(c1)OC(C)(C)[C@@H]1CCC(C)=C[C@@H]21,314.46900000000005,5.735800000000006,29.46,1,2,4,3
CHEMBL58,MITOXANTRONE,O=C1c2c(O)ccc(O)c2C(=O)c2c(NCCNCCO)ccc(NCCNCCO)c21,444.4880000000002,-0.13919999999999944,163.17999999999998,8,10,12,3
CHEMBL59,DOPAMINE,NCCc1ccc(O)c(O)c1,153.18099999999998,0.5989999999999998,66.48,3,3,2,1
CHEMBL467,HYDROXYUREA,NC(=O)NO,76.05499999999999,-0.9561000000000002,75.35000000000001,3,2,0,0
CHEMBL61,PODOFILOX,COc1cc([C@@H]2c3cc4c(cc3[C@H](O)[C@H]3COC(=O)[C@H]23)OCO4)cc(OC)c1OC,414.41000000000025,2.4092000000000002,92.68,1,8,4,5
CHEMBL64,ISONIAZID,NNC(=O)c1ccncc1,137.142,-0.3149000000000006,68.00999999999999,2,3,1,1
CHEMBL468,THALIDOMIDE,O=C1CCC(N2C(=O)c3ccccc3C2=O)C(=O)N1,258.23299999999995,0.08779999999999993,83.55000000000001,1,4,1,3
CHEMBL469,KETOROLAC,O=C(c1ccccc1)c1ccc2n1CCC2C(=O)O,255.27299999999997,2.291,59.3,1,2,3,3
CHEMBL471,SOTALOL,CC(C)NCC(O)c1ccc(NS(C)(=O)=O)cc1,272.37,1.0895000000000001,78.43,3,4,6,1
CHEMBL472,GLYBURIDE,COc1ccc(Cl)cc1C(=O)NCCc1ccc(S(=O)(=O)NC(=O)NC2CCCCC2)cc1,494.0130000000003,3.641700000000003,113.6,3,5,8,3
CHEMBL9225,HEXESTROL,CC[C@H](c1ccc(O)cc1)[C@@H](CC)c1ccc(O)cc1,270.37199999999996,4.785200000000004,40.46,2,2,5,2
CHEMBL473,DOFETILIDE,CN(CCOc1ccc(NS(C)(=O)=O)cc1)CCc1ccc(NS(C)(=O)=O)cc1,441.57500000000016,1.9828999999999997,104.81,2,6,11,2
CHEMBL476,DACARBAZINE,CN(C)/N=N/c1[nH]cnc1C(N)=O,182.18699999999998,0.0688999999999999,99.72999999999999,2,4,3,1
CHEMBL477,ADENOSINE,Nc1ncnc2c1ncn2[C@@H]1O[C@H](CO)[C@@H](O)[C@H]1O,267.245,-1.9800000000000006,139.54000000000002,4,8,2,3
CHEMBL479,THIORIDAZINE,CSc1ccc2c(c1)N(CCC1CCCCN1C)c1ccccc1S2,370.587,5.885600000000005,6.48,0,4,4,4
CHEMBL480,LANSOPRAZOLE,Cc1c(OCC(F)(F)F)ccnc1C[S+]([O-])c1nc2ccccc2[nH]1,369.3680000000001,3.515220000000001,73.86,1,4,5,3
CHEMBL481,IRINOTECAN,CCc1c2c(nc3ccc(OC(=O)N4CCC(N5CCCCC5)CC4)cc13)-c1cc3c(c(=O)n1C2)COC(=O)[C@]3(O)CC,586.6890000000004,4.0911000000000035,114.2,1,8,4,7
CHEMBL70,MORPHINE,CN1CC[C@]23c4c5ccc(O)c4O[C@H]2[C@@H](O)C=C[C@H]3[C@H]1C5,285.343,1.1981,52.93000000000001,2,4,0,5
CHEMBL485,CODEINE,COc1ccc2c3c1O[C@H]1[C@@H](O)C=C[C@H]4[C@@H](C2)N(C)CC[C@@]341,299.3700000000001,1.5010999999999999,41.93,1,4,1,5
CHEMBL71,CHLORPROMAZINE,CN(C)CCCN1c2ccccc2Sc2ccc(Cl)cc21,318.8730000000001,4.894400000000004,6.48,0,3,4,3
CHEMBL72,DESIPRAMINE,CNCCCN1c2ccccc2CCc2ccccc21,266.388,3.5328000000000026,15.27,1,2,4,3
CHEMBL488,AMINOGLUTETHIMIDE,CCC1(c2ccc(N)cc2)CCC(=O)NC1=O,232.28299999999996,1.3532,72.19,2,3,2,2
CHEMBL74,CROMOLYN SODIUM,O=C([O-])c1cc(=O)c2c(OCC(O)COc3cccc4oc(C(=O)[O-])cc(=O)c34)cccc2o1.[Na+].[Na+],512.3340000000002,-6.546899999999996,179.37,1,11,8,4
CHEMBL76,CHLOROQUINE,CCN(CC)CCCC(C)Nc1ccnc2cc(Cl)ccc12,319.88000000000005,4.810600000000004,28.16,1,3,8,2
CHEMBL490,PAROXETINE,Fc1ccc([C@@H]2CCNC[C@H]2COc2ccc3c(c2)OCO3)cc1,329.3710000000001,3.326500000000002,39.72,1,4,4,4
CHEMBL416146,ETORICOXIB,Cc1ccc(-c2ncc(Cl)cc2-c2ccc(S(C)(=O)=O)cc2)cn1,358.8500000000001,4.175920000000004,59.92,0,4,3,3
CHEMBL79,LIDOCAINE,CCN(CC)CC(=O)Nc1c(C)cccc1C,234.343,2.5837400000000006,32.34,1,2,5,1
CHEMBL9967,PIRENZEPINE,CN1CCN(CC(=O)N2c3ccccc3C(=O)Nc3cccnc32)CC1,351.41000000000014,1.5593999999999992,68.78,1,5,2,4
CHEMBL492,ETIDOCAINE,CCCN(CC)C(CC)C(=O)Nc1c(C)cccc1C,276.42400000000004,3.7524400000000018,32.34,1,2,7,1
CHEMBL80,NALOXONE,C=CCN1CC[C@]23c4c5ccc(O)c4O[C@H]2C(=O)CC[C@@]3(O)[C@H]1C5,327.3800000000001,1.3014,70.0,2,5,2,5
CHEMBL81,RALOXIFENE,O=C(c1ccc(OCCN2CCCCC2)cc1)c1c(-c2ccc(O)cc2)sc2cc(O)ccc12,473.5940000000001,6.075200000000007,70.0,2,6,7,5
CHEMBL83,TAMOXIFEN,CC/C(=C(\c1ccccc1)c1ccc(OCCN(C)C)cc1)c1ccccc1,371.524,5.9961000000000055,12.47,0,2,8,3
CHEMBL493,BROMOCRIPTINE,CC(C)C[C@H]1C(=O)N2CCC[C@H]2[C@]2(O)O[C@](NC(=O)[C@@H]3C=C4c5cccc6[nH]c(Br)c(c56)C[C@H]4N(C)C3)(C(C)C)C(=O)N12,654.6059999999999,3.192800000000001,118.21,3,6,5,7
CHEMBL494,ILOPROST,CC#CCC(C)[C@H](O)/C=C/[C@@H]1[C@H]2C/C(=C/CCCC(=O)O)C[C@H]2C[C@H]1O,360.4940000000001,3.541300000000003,77.76,3,3,8,2
CHEMBL84,TOPOTECAN,CC[C@@]1(O)C(=O)OCc2c1cc1n(c2=O)Cc2cc3c(CN(C)C)c(O)ccc3nc2-1,421.4530000000002,1.8468000000000002,104.89,2,7,3,5
CHEMBL85,RISPERIDONE,Cc1nc2n(c(=O)c1CCN1CCC(c3noc4cc(F)ccc34)CC1)CCCC2,410.4930000000003,3.5904200000000026,64.16,0,5,4,5
CHEMBL428880,CROMOLYN,O=C(O)c1cc(=O)c2c(OCC(O)COc3cccc4oc(C(=O)O)cc(=O)c34)cccc2o1,468.37000000000023,2.1145,173.70999999999998,3,9,8,4
CHEMBL86,METOCLOPRAMIDE,CCN(CC)CCNC(=O)c1cc(Cl)c(N)cc1OC,299.8020000000001,2.0023999999999997,67.59,2,4,7,1
CHEMBL428647,PACLITAXEL,CC(=O)O[C@H]1C(=O)[C@@]2(C)[C@H]([C@H](OC(=O)c3ccccc3)[C@]3(O)C[C@H](OC(=O)[C@H](O)[C@@H](NC(=O)c4ccccc4)c4ccccc4)C(C)=C1C3(C)C)[C@]1(OC(C)=O)CO[C@@H]1C[C@@H]2O,853.918,3.7357000000000036,221.28999999999996,4,14,10,7
CHEMBL495,ALPROSTADIL,CCCCC[C@H](O)/C=C/[C@H]1[C@H](O)CC(=O)[C@@H]1CCCCCCC(=O)O,354.48700000000014,3.475100000000002,94.83,3,4,13,1
CHEMBL496,HEXACHLOROPHENE,Oc1c(Cl)cc(Cl)c(Cl)c1Cc1c(O)c(Cl)cc(Cl)c1Cl,406.90700000000004,6.609000000000001,40.46,2,2,2,2
CHEMBL497,CLIOQUINOL,Oc1c(I)cc(Cl)c2cccnc12,305.502,3.1984000000000004,33.120000000000005,1,2,0,2
CHEMBL10878,AGOMELATINE,COc1ccc2cccc(CCNC(C)=O)c2c1,243.30599999999995,2.527,38.33,1,2,4,2
CHEMBL88,CYCLOPHOSPHAMIDE ANHYDROUS,O=P1(N(CCCl)CCCl)NCCCO1,261.089,1.884,41.57000000000001,1,2,5,1
CHEMBL498,CHLORPROPAMIDE,CCCNC(=O)NS(=O)(=O)c1ccc(Cl)cc1,276.745,1.7379,75.27000000000001,2,3,4,1
CHEMBL499,TIMOLOL,CC(C)(C)NC[C@H](O)COc1nsnc1N1CCOCC1,316.4270000000002,0.5024999999999997,79.74,2,8,6,2
CHEMBL500,PINDOLOL,CC(C)NCC(O)COc1cccc2[nH]ccc12,248.32600000000002,1.9055999999999995,57.279999999999994,3,3,6,2
CHEMBL276832,HYDRALAZINE,NNc1nncc2ccccc12,160.17999999999998,0.9153999999999998,63.83,2,4,1,2
CHEMBL501,AMPHETAMINE SULFATE,CC(N)Cc1ccccc1.O=S(=O)(O)O,233.289,0.9235000000000004,100.62,3,3,2,1
CHEMBL267345,AMPHOTERICIN B,C[C@@H]1[C@H](O)[C@@H](C)/C=C/C=C/C=C/C=C/C=C/C=C/C=C/[C@H](O[C@@H]2O[C@H](C)[C@@H](O)[C@H](N)[C@@H]2O)C[C@@H]2O[C@](O)(C[C@@H](O)C[C@@H](O)[C@H](O)CC[C@@H](O)C[C@@H](O)CC(=O)O[C@H]1C)C[C@H](O)[C@H]2C(=O)O,924.0910000000002,0.7117000000000053,319.60999999999996,12,17,3,3
CHEMBL90,HISTAMINE,NCCc1c[nH]cn1,111.14799999999998,-0.08910000000000035,54.7,2,2,2,1
CHEMBL91,MICONAZOLE,Clc1ccc(COC(Cn2ccnc2)c2ccc(Cl)cc2Cl)c(Cl)c1,416.1350000000001,6.454800000000002,27.05,0,2,6,3
CHEMBL92,DOCETAXEL ANHYDROUS,CC(=O)O[C@@]12CO[C@@H]1C[C@H](O)[C@@]1(C)C(=O)[C@H](O)C3=C(C)[C@@H](OC(=O)[C@H](O)[C@@H](NC(=O)OC(C)(C)C)c4ccccc4)C[C@@](O)([C@@H](OC(=O)c4ccccc4)[C@H]21)C3(C)C,807.8900000000002,3.2596000000000025,224.44999999999996,5,14,8,6
CHEMBL93,ZILEUTON,CC(c1cc2ccccc2s1)N(O)C(N)=O,236.29599999999996,2.7321999999999997,66.56,2,3,2,2
CHEMBL94,PHYSOSTIGMINE,CNC(=O)Oc1ccc2c(c1)[C@]1(C)CCN(C)[C@@H]1N2C,275.352,1.7739,44.81,1,4,1,3
CHEMBL95,TACRINE,Nc1c2c(nc3ccccc13)CCCC2,198.26899999999992,2.695800000000001,38.91,1,2,0,3
CHEMBL502,DONEPEZIL,COc1cc2c(cc1OC)C(=O)C(CC1CCN(Cc3ccccc3)CC1)C2,379.50000000000017,4.361100000000004,38.77,0,4,6,4
CHEMBL503,LOVASTATIN,CC[C@H](C)C(=O)O[C@H]1C[C@@H](C)C=C2C=C[C@H](C)[C@H](CC[C@@H]3C[C@@H](O)CC(=O)O3)[C@H]21,404.54700000000025,4.195500000000004,72.83,1,5,6,3
CHEMBL11662,OZAGREL,O=C(O)/C=C/c1ccc(Cn2ccnc2)cc1,228.251,2.0292,55.12,1,2,4,2
CHEMBL12610,BENZYDAMINE,CN(C)CCCOc1nn(Cc2ccccc2)c2ccccc12,309.413,3.4151000000000016,30.29,0,3,7,3
CHEMBL269644,ACETANILIDE,CC(=O)Nc1ccccc1,135.16599999999997,1.6449999999999998,29.1,1,1,1,1
CHEMBL504,DIMETHYL SULFOXIDE,C[S+](C)[O-],78.136,-0.005299999999999971,23.06,0,1,0,0
CHEMBL505,CHLORPHENIRAMINE,CN(C)CCC(c1ccc(Cl)cc1)c1ccccn1,274.795,3.8186000000000027,16.130000000000003,0,2,5,2
CHEMBL506,PRIMAQUINE,COc1cc(NC(C)CCCN)c2ncccc2c1,259.35299999999995,2.782700000000001,60.17,2,4,6,2
CHEMBL509,MECLOFENAMIC ACID,Cc1ccc(Cl)c(Nc2ccccc2C(=O)O)c1Cl,296.153,4.743620000000003,49.33,2,2,3,2
CHEMBL511,PYRILAMINE,COc1ccc(CN(CCN(C)C)c2ccccn2)cc1,285.391,2.658400000000001,28.6,0,4,7,2
CHEMBL12713,SERTINDOLE,O=C1NCCN1CCN1CCC(c2cn(-c3ccc(F)cc3)c3ccc(Cl)cc23)CC1,440.9500000000002,4.627600000000004,40.510000000000005,1,2,5,5
CHEMBL513,CARMUSTINE,O=NN(CCCl)C(=O)NCCCl,214.052,1.157,61.77,1,3,5,0
CHEMBL514,LOMUSTINE,O=NN(CCCl)C(=O)NC1CCCCC1,233.69899999999996,2.2509000000000006,61.77,1,3,4,1
CHEMBL515,CHLORAMBUCIL,O=C(O)CCCc1ccc(N(CCCl)CCCl)cc1,304.217,3.377900000000002,40.54,1,2,9,1
CHEMBL516,CYPROHEPTADINE,CN1CCC(=C2c3ccccc3C=Cc3ccccc32)CC1,287.4060000000001,4.697900000000004,3.24,0,1,0,4
CHEMBL12856,INAMRINONE,Nc1cc(-c2ccncc2)c[nH]c1=O,187.202,1.0191,71.77,2,3,1,2
CHEMBL517,DISOPYRAMIDE,CC(C)N(CCC(C(N)=O)(c1ccccc1)c1ccccn1)C(C)C,339.4830000000001,3.361900000000002,59.22,1,3,8,2
CHEMBL98,VORINOSTAT,O=C(CCCCCCC(=O)Nc1ccccc1)NO,264.32500000000005,2.4711,78.43,3,3,8,1
CHEMBL521,IBUPROFEN,CC(C)Cc1ccc(C(C)C(=O)O)cc1,206.28499999999997,3.073200000000001,37.3,1,1,4,1
CHEMBL13376,CLOMETACIN,COc1ccc2c(C(=O)c3ccc(Cl)cc3)c(C)n(CC(=O)O)c2c1,357.7930000000001,3.9273200000000026,68.53,1,3,5,3
CHEMBL13280,FLUNITRAZEPAM,CN1C(=O)CN=C(c2ccccc2F)c2cc([N+](=O)[O-])ccc21,313.28800000000007,2.5477000000000007,75.81,0,4,2,3
CHEMBL13209,NITRAZEPAM,O=C1CN=C(c2ccccc2)c2cc([N+](=O)[O-])ccc2N1,281.27099999999996,2.3842999999999996,84.6,1,4,2,3
CHEMBL524,METHOXAMINE,COc1ccc(OC)c(C(O)C(C)N)c1,211.261,1.0844,64.71,2,4,4,1
CHEMBL526,PROPOFOL,CC(C)c1cccc(C(C)C)c1O,178.27499999999995,3.6390000000000025,20.23,1,1,2,1
CHEMBL527,PIROXICAM,CN1C(C(=O)Nc2ccccn2)=C(O)c2ccccc2S1(=O)=O,331.35300000000007,1.5809999999999997,99.6,2,5,2,3
CHEMBL528,CEFTIZOXIME,CO/N=C(\C(=O)N[C@@H]1C(=O)N2C(C(=O)O)=CCS[C@H]12)c1csc(N)n1,383.41100000000006,-0.5557999999999992,147.20999999999998,3,9,5,3
CHEMBL101,PHENYLBUTAZONE,CCCCC1C(=O)N(c2ccccc2)N(c2ccccc2)C1=O,308.3810000000001,3.7878000000000025,40.620000000000005,0,2,5,3
CHEMBL529,AZITHROMYCIN,CC[C@H]1OC(=O)[C@H](C)[C@@H](O[C@H]2C[C@@](C)(OC)[C@@H](O)[C@H](C)O2)[C@H](C)[C@@H](O[C@@H]2O[C@H](C)C[C@H](N(C)C)[C@H]2O)[C@](C)(O)C[C@@H](C)CN(C)[C@H](C)[C@@H](O)[C@]1(C)O,748.9960000000001,1.9007000000000054,180.08,5,14,7,3
CHEMBL530,AMDINOCILLIN,CC1(C)S[C@@H]2[C@H](/N=C/N3CCCCCC3)C(=O)N2[C@H]1C(=O)O,325.4339999999999,1.4062000000000001,73.21000000000001,1,4,3,3
CHEMBL531,PERGOLIDE,CCCN1C[C@H](CSC)C[C@@H]2c3cccc4[nH]cc(c34)C[C@H]21,314.4980000000001,4.271100000000003,19.03,1,2,4,4
CHEMBL532,ERYTHROMYCIN,CC[C@H]1OC(=O)[C@H](C)[C@@H](O[C@H]2C[C@@](C)(OC)[C@@H](O)[C@H](C)O2)[C@H](C)[C@@H](O[C@@H]2O[C@H](C)C[C@H](N(C)C)[C@H]2O)[C@](C)(O)C[C@@H](C)C(=O)[C@H](C)[C@@H](O)[C@]1(C)O,733.9370000000002,1.785600000000004,193.91,5,14,7,3
CHEMBL533,IBUTILIDE,CCCCCCCN(CC)CCCC(O)c1ccc(NS(C)(=O)=O)cc1,384.58600000000007,4.164000000000003,69.64,2,4,14,1
CHEMBL103,PROGESTERONE,CC(=O)[C@H]1CC[C@H]2[C@@H]3CCC4=CC(=O)CC[C@]4(C)[C@H]3CC[C@]12C,314.46900000000005,4.723500000000005,34.14,0,2,1,4
CHEMBL534,KETOTIFEN,CN1CCC(=C2c3ccccc3CC(=O)c3sccc32)CC1,309.4340000000001,4.014400000000004,20.310000000000002,0,3,0,4
CHEMBL535,SUNITINIB,CCN(CC)CCNC(=O)c1c(C)[nH]c(/C=C2\C(=O)Nc3ccc(F)cc32)c1C,398.48200000000014,3.3349400000000013,77.23,3,3,7,3
CHEMBL537,HYDROQUINONE,Oc1ccc(O)cc1,110.11199999999998,1.0977999999999999,40.46,2,2,0,1
CHEMBL539,ACETIC ACID,CC(=O)O,60.05200000000001,0.09089999999999993,37.3,1,1,0,0
CHEMBL14060,PHENOL,Oc1ccccc1,94.11299999999999,1.3921999999999999,20.23,1,1,0,1
CHEMBL544,MEQUINOL,COc1ccc(O)cc1,124.13899999999997,1.4008,29.46,1,2,1,1
CHEMBL104,CLOTRIMAZOLE,Clc1ccccc1C(c1ccccc1)(c1ccccc1)n1ccnc1,344.845,5.376700000000004,17.82,0,1,4,4
CHEMBL105,MITOMYCIN,CO[C@@]12[C@H](COC(N)=O)C3=C(C(=O)C(C)=C(N)C3=O)N1C[C@@H]1N[C@@H]12,334.33200000000005,-1.6511999999999971,146.89000000000001,3,8,3,4
CHEMBL545,ALCOHOL,CCO,46.069,-0.0014000000000000123,20.23,1,1,0,0
CHEMBL546,OXPRENOLOL,C=CCOc1ccccc1OCC(O)CNC(C)C,265.35299999999995,1.9890999999999999,50.72,2,4,9,1
CHEMBL106,FLUCONAZOLE,OC(Cn1cncn1)(Cn1cncn1)c1ccc(F)cc1F,306.276,0.7357999999999993,81.64999999999999,1,5,5,3
CHEMBL547,ISOTRETINOIN,CC1=C(/C=C/C(C)=C/C=C/C(C)=C\C(=O)O)C(C)(C)CCC1,300.44200000000006,5.602600000000005,37.3,1,1,5,1
CHEMBL14376,ILOPERIDONE,COc1cc(C(C)=O)ccc1OCCCN1CCC(c2noc3cc(F)ccc23)CC1,426.4880000000001,4.826600000000004,64.80000000000001,0,6,8,4
CHEMBL548,DINOPROSTONE,CCCCC[C@H](O)/C=C/[C@H]1[C@H](O)CC(=O)[C@@H]1C/C=C\CCCC(=O)O,352.4710000000001,3.251100000000002,94.83,3,4,12,1
CHEMBL278020,NEOSTIGMINE,CN(C)C(=O)Oc1cccc([N+](C)(C)C)c1,223.29599999999996,1.9437,29.540000000000003,0,2,2,1
CHEMBL14370,REBOXETINE,CCOc1ccccc1OC(c1ccccc1)C1CNCCO1,313.39700000000005,3.1938000000000004,39.72,1,4,6,3
CHEMBL549,CITALOPRAM,CN(C)CCCC1(c2ccc(F)cc2)OCc2cc(C#N)ccc21,324.39900000000006,3.812980000000003,36.26,0,3,5,3
CHEMBL550,PILOCARPINE,CC[C@@H]1C(=O)OC[C@@H]1Cc1cncn1C,208.261,1.1618000000000002,44.12,0,3,3,2
CHEMBL107,COLCHICINE,COc1cc2c(c(OC)c1OC)-c1ccc(OC)c(=O)cc1[C@@H](NC(C)=O)CC2,399.4430000000002,2.871600000000001,83.09,1,6,5,3
CHEMBL553,ERLOTINIB,C#Cc1cccc(Nc2ncnc3cc(OCCOC)c(OCCOC)cc23)c1,393.4430000000002,3.405100000000002,74.73000000000002,1,7,10,3
CHEMBL554,LAPATINIB,CS(=O)(=O)CCNCc1ccc(-c2ccc3ncnc(Nc4ccc(OCc5cccc(F)c5)c(Cl)c4)c3c2)o1,581.0690000000002,6.139100000000005,106.35000000000001,2,8,11,5
CHEMBL15023,TRIFLUPERIDOL,O=C(CCCN1CCC(O)(c2cccc(C(F)(F)F)c2)CC1)c1ccc(F)cc1,409.4230000000002,4.791000000000004,40.540000000000006,1,3,6,3
CHEMBL108,CARBAMAZEPINE,NC(=O)N1c2ccccc2C=Cc2ccccc21,236.274,3.3872000000000018,46.330000000000005,1,1,0,3
CHEMBL109,VALPROIC ACID,CCCC(CCC)C(=O)O,144.214,2.2874,37.3,1,1,5,0
CHEMBL277100,TEMAFLOXACIN,CC1CN(c2cc3c(cc2F)c(=O)c(C(=O)O)cn3-c2ccc(F)cc2F)CCN1,417.38700000000006,2.904300000000001,74.57,2,4,3,4
CHEMBL110,BENZNIDAZOLE,O=C(Cn1ccnc1[N+](=O)[O-])NCc1ccccc1,260.253,1.1077,90.06,1,4,5,2
CHEMBL556,DEFEROXAMINE,CC(=O)N(O)CCCCCNC(=O)CCC(=O)N(O)CCCCCNC(=O)CCC(=O)N(O)CCCCCN,560.6930000000002,0.9221000000000046,205.84,6,9,23,0
CHEMBL558,MEXILETINE,Cc1cccc(C)c1OCC(C)N,179.26299999999998,2.0294399999999997,35.25,1,2,3,1
CHEMBL559,DEXTROTHYROXINE,N[C@H](Cc1cc(I)c(Oc2cc(I)c(O)c(I)c2)c(I)c1)C(=O)O,776.8720000000001,4.5573000000000015,92.78000000000002,3,4,5,2
CHEMBL111,RIMONABANT,Cc1c(C(=O)NN2CCCCC2)nn(-c2ccc(Cl)cc2Cl)c1-c1ccc(Cl)cc1,463.79600000000016,5.938620000000005,50.160000000000004,1,3,4,4
CHEMBL273575,NOMIFENSINE,CN1Cc2c(N)cccc2C(c2ccccc2)C1,238.334,2.8461000000000016,29.259999999999998,1,2,1,3
CHEMBL561,LOMEFLOXACIN,CCn1cc(C(=O)O)c(=O)c2cc(F)c(N3CCNC(C)C3)c(F)c21,351.353,1.7959,74.57000000000001,2,4,3,3
CHEMBL562,GRISEOFULVIN,COC1=CC(=O)C[C@@H](C)[C@]12Oc1c(Cl)c(OC)cc(OC)c1C2=O,352.7700000000001,2.8103000000000007,71.06,0,6,3,3
CHEMBL563,FLURBIPROFEN,CC(C(=O)O)c1ccc(-c2ccccc2)c(F)c1,244.265,3.6808000000000023,37.3,1,1,3,2
CHEMBL564,PROMAZINE,CN(C)CCCN1c2ccccc2Sc2ccccc21,284.42800000000005,4.241000000000003,6.48,0,3,4,3
CHEMBL565,CLOFIBRATE,CCOC(=O)C(C)(C)Oc1ccc(Cl)cc1,242.702,3.060500000000001,35.53,0,3,4,1
CHEMBL112,ACETAMINOPHEN,CC(=O)Nc1ccc(O)cc1,151.165,1.3505999999999998,49.33,2,2,1,1
CHEMBL113,CAFFEINE,Cn1c(=O)c2c(ncn2C)n(C)c1=O,194.194,-1.0293,61.82,0,3,0,2
CHEMBL16073,PHENACETIN,CCOc1ccc(NC(C)=O)cc1,179.219,2.0437,38.33,1,2,3,1
CHEMBL567,PERPHENAZINE,OCCN1CCN(CCCN2c3ccccc3Sc3ccc(Cl)cc32)CC1,403.9790000000002,3.942700000000003,29.950000000000003,1,5,6,4
CHEMBL568,OXAZEPAM,O=C1Nc2ccc(Cl)cc2C(c2ccccc2)=NC1O,286.718,2.4479,61.69,2,3,1,3
CHEMBL15770,SULINDAC,CC1=C(CC(=O)O)c2cc(F)ccc2/C1=C\c1ccc([S+](C)[O-])cc1,356.41800000000006,4.365500000000003,60.36,1,2,4,3
CHEMBL15677,FENCLOFENAC,O=C(O)Cc1ccccc1Oc1ccc(Cl)cc1Cl,297.13699999999994,4.4128000000000025,46.53,1,2,4,2
CHEMBL276520,INDALPINE,c1ccc2c(CCC3CCNCC3)c[nH]c2c1,228.339,3.100100000000001,27.82,2,1,3,3
CHEMBL569,PROCAINE,CCN(CC)CCOC(=O)c1ccc(N)cc1,236.315,1.7673999999999999,55.56,1,4,6,1
CHEMBL570,TRIFLUPROMAZINE,CN(C)CCCN1c2ccccc2Sc2ccc(C(F)(F)F)cc21,352.42500000000007,5.259800000000004,6.48,0,3,4,3
CHEMBL571,KETOPROFEN,CC(C(=O)O)c1cccc(C(=O)c2ccccc2)c1,254.285,3.1057000000000015,54.37,1,2,4,2
CHEMBL572,NITROFURANTOIN,O=C1CN(/N=C/c2ccc([N+](=O)[O-])o2)C(=O)N1,238.15899999999996,0.07349999999999995,118.05000000000001,1,6,3,2
CHEMBL15870,INDOPROFEN,CC(C(=O)O)c1ccc(N2Cc3ccccc3C2=O)cc1,281.311,3.0351000000000017,57.61,1,2,3,3
CHEMBL15891,LINDANE,Cl[C@H]1[C@H](Cl)[C@@H](Cl)[C@@H](Cl)[C@H](Cl)[C@H]1Cl,290.832,3.644400000000001,0.0,0,0,0,1
CHEMBL573,NIACIN,O=C(O)c1cccnc1,123.11099999999998,0.7797999999999999,50.19,1,2,1,1
CHEMBL575,METHICILLIN,COc1cccc(OC)c1C(=O)N[C@@H]1C(=O)N2[C@@H]1SC(C)(C)[C@@H]2C(=O)O,380.42200000000014,0.9490999999999996,105.17,2,6,5,3
CHEMBL16080,TRICHLOROETHANE,CC(Cl)(Cl)Cl,133.405,2.376500000000001,0.0,0,0,0,0
CHEMBL577,ENALAPRILAT ANHYDROUS,C[C@H](N[C@@H](CCc1ccccc1)C(=O)O)C(=O)N1CCC[C@H]1C(=O)O,348.39900000000017,1.1261000000000003,106.94000000000001,3,4,8,2
CHEMBL578,ENALAPRIL,CCOC(=O)[C@H](CCc1ccccc1)N[C@@H](C)C(=O)N1CCC[C@H]1C(=O)O,376.45300000000026,1.6046,95.94000000000001,2,5,9,2
CHEMBL580,LORAZEPAM,O=C1Nc2ccc(Cl)cc2C(c2ccccc2Cl)=NC1O,321.163,3.1013000000000015,61.69,2,3,1,3
CHEMBL277062,BROMAZEPAM,O=C1CN=C(c2ccccn2)c2cc(Br)ccc2N1,316.15799999999996,2.6336000000000004,54.35,1,3,1,3
CHEMBL277535,BIFONAZOLE,c1ccc(-c2ccc(C(c3ccccc3)n3ccnc3)cc2)cc1,310.40000000000003,5.187800000000005,17.82,0,1,4,4
CHEMBL582,ISOPROPYL ALCOHOL,CC(C)O,60.096000000000004,0.38710000000000006,20.23,1,1,0,0
CHEMBL583,GREPAFLOXACIN,Cc1c(F)c(N2CCNC(C)C2)cc2c1c(=O)c(C(=O)O)cn2C1CC1,359.4010000000001,2.28022,74.57,2,4,3,4
CHEMBL114,SAQUINAVIR,CC(C)(C)NC(=O)[C@@H]1C[C@@H]2CCCC[C@@H]2CN1C[C@@H](O)[C@H](Cc1ccccc1)NC(=O)[C@H](CC(N)=O)NC(=O)c1ccc2ccccc2n1,670.855,3.092400000000003,166.75,5,7,12,5
CHEMBL115,INDINAVIR ANHYDROUS,CC(C)(C)NC(=O)[C@@H]1CN(Cc2cccnc2)CCN1C[C@@H](O)C[C@@H](Cc1ccccc1)C(=O)N[C@H]1c2ccccc2C[C@H]1O,613.8030000000003,2.8669000000000016,118.03000000000002,4,7,11,5
CHEMBL584,NELFINAVIR,Cc1c(O)cccc1C(=O)N[C@@H](CSc1ccccc1)[C@H](O)CN1C[C@H]2CCCC[C@H]2C[C@H]1C(=O)NC(C)(C)C,567.7960000000003,4.747620000000004,101.9,4,6,9,4
CHEMBL116,AMPRENAVIR,CC(C)CN(C[C@@H](O)[C@H](Cc1ccccc1)NC(=O)O[C@H]1CCOC1)S(=O)(=O)c1ccc(N)cc1,505.63700000000034,2.4028,131.19,3,7,11,3
CHEMBL585,TRIAMTERENE,Nc1nc(N)c2nc(-c3ccccc3)c(N)nc2n1,253.26900000000003,0.8334000000000001,129.62,3,7,1,3
CHEMBL16476,PRONETALOL,CC(C)NCC(O)c1ccc2ccccc2c1,229.323,2.871200000000001,32.26,2,2,4,2
CHEMBL118,CELECOXIB,Cc1ccc(-c2cc(C(F)(F)F)nn2-c2ccc(S(N)(=O)=O)cc2)cc1,381.3790000000001,3.5139200000000006,77.98,1,3,3,3
CHEMBL119,TRIMETREXATE,COc1cc(NCc2ccc3nc(N)nc(N)c3c2C)cc(OC)c1OC,369.4250000000001,2.740520000000001,117.54,3,8,6,3
CHEMBL588,FENOLDOPAM,Oc1ccc(C2CNCCc3c2cc(O)c(O)c3Cl)cc1,305.76099999999997,2.734400000000001,72.72,4,4,1,3
CHEMBL589,ROPINIROLE,CCCN(CCC)CCc1cccc2c1CC(=O)N2,260.3809999999999,2.845700000000001,32.34,1,2,7,2
CHEMBL590,MENADIONE,CC1=CC(=O)c2ccccc2C1=O,172.18299999999996,2.0119000000000002,34.14,0,2,0,2
CHEMBL591,ETHCHLORVYNOL,C#CC(O)(/C=C/Cl)CC,144.60099999999997,1.5132,20.23,1,1,2,0
CHEMBL17157,TERFENADINE,CC(C)(C)c1ccc(C(O)CCCN2CCC(C(O)(c3ccccc3)c3ccccc3)CC2)cc1,471.6850000000001,6.445800000000008,43.7,2,3,8,4
CHEMBL592,LEVORPHANOL,CN1CC[C@]23CCCC[C@H]2[C@H]1Cc1ccc(O)cc13,257.377,3.080400000000002,23.47,1,2,0,4
CHEMBL593,DELAVIRDINE,CC(C)Nc1cccnc1N1CCN(C(=O)c2cc3cc(NS(C)(=O)=O)ccc3[nH]2)CC1,456.5720000000002,2.7171000000000003,110.43,3,6,6,4
CHEMBL594,EMEDASTINE,CCOCCn1c(N2CCCN(C)CC2)nc2ccccc21,302.422,2.2146999999999997,33.53,0,4,5,3
CHEMBL595,PIOGLITAZONE,CCc1ccc(CCOc2ccc(CC3SC(=O)NC3=O)cc2)nc1,356.44700000000006,3.159600000000001,68.28999999999999,1,5,7,3
CHEMBL596,FENTANYL,CCC(=O)N(c1ccccc1)C1CCN(CCc2ccccc2)CC1,336.47900000000004,4.136700000000004,23.550000000000004,0,2,6,3
CHEMBL121,ROSIGLITAZONE,CN(CCOc1ccc(CC2SC(=O)NC2=O)cc1)c1ccccn1,357.435,2.490900000000001,71.53,1,6,7,3
CHEMBL17879,MARALIXIBAT CHLORIDE,CCCCC1(CCCC)CS(=O)(=O)c2ccc(N(C)C)cc2[C@@H](c2ccc(OCc3ccc(C[N+]45CCN(CC4)CC5)cc3)cc2)[C@H]1O.[Cl-],710.4250000000001,3.6285000000000047,70.08,1,6,13,7
CHEMBL17860,LOFEXIDINE,CC(Oc1c(Cl)cccc1Cl)C1=NCCN1,259.13599999999997,2.7624000000000004,33.62,1,3,3,2
CHEMBL597,PHENTOLAMINE,Cc1ccc(N(CC2=NCCN2)c2cccc(O)c2)cc1,281.35900000000004,2.840420000000001,47.86,2,4,4,3
CHEMBL18442,PLERIXAFOR,c1cc(CN2CCCNCCNCCCNCC2)ccc1CN1CCCNCCNCCCNCC1,502.7960000000004,0.41580000000000644,78.66,6,8,4,3
CHEMBL18116,TOLOXATONE,Cc1cccc(N2CC(CO)OC2=O)c1,207.22899999999998,1.31252,49.77,1,3,2,2
CHEMBL599,MELOXICAM,Cc1cnc(NC(=O)C2=C(O)c3ccccc3S(=O)(=O)N2C)s1,351.4090000000001,1.95092,99.59999999999998,2,6,2,3
CHEMBL600,ACETYLCYSTEINE,CC(=O)N[C@@H](CS)C(=O)O,163.198,-0.4945,66.4,3,3,3,0
CHEMBL601,AMINOLEVULINIC ACID,NCC(=O)CCC(=O)O,131.131,-0.6210000000000004,80.39,2,3,4,0
CHEMBL602,CYSTEAMINE,NCCS,77.15199999999999,-0.12509999999999988,26.02,2,2,1,0
CHEMBL19019,NALTREXONE,O=C1CC[C@@]2(O)[C@H]3Cc4ccc(O)c5c4[C@@]2(CCN3CC2CC2)[C@H]1O5,341.4070000000001,1.5253999999999999,70.0,2,5,2,6
CHEMBL603,ZAFIRLUKAST,COc1cc(C(=O)NS(=O)(=O)c2ccccc2C)ccc1Cc1cn(C)c2ccc(NC(=O)OC3CCCC3)cc12,575.6870000000001,5.695920000000005,115.73,2,6,8,5
CHEMBL276568,"CEFPROZIL ANHYDROUS, (E)-",C/C=C/C1=C(C(=O)O)N2C(=O)[C@@H](NC(=O)[C@H](N)c3ccc(O)cc3)[C@H]2SC1,389.4330000000001,0.7067000000000008,132.96,4,6,5,3
CHEMBL122,ROFECOXIB,CS(=O)(=O)c1ccc(C2=C(c3ccccc3)C(=O)OC2)cc1,314.3620000000001,2.5577000000000005,60.44,0,4,3,3
CHEMBL19236,MOXONIDINE,COc1nc(C)nc(Cl)c1NC1=NCCN1,241.68200000000002,0.8181199999999997,71.43,2,6,2,2
CHEMBL605,PROCAINAMIDE HYDROCHLORIDE,CCN(CC)CCNC(=O)c1ccc(N)cc1.Cl,271.792,1.7621999999999995,58.36,2,3,6,1
CHEMBL606,MISOPROSTOL,CCCCC(C)(O)C/C=C/[C@H]1[C@H](O)CC(=O)[C@@H]1CCCCCCC(=O)OC,382.5410000000003,3.9536000000000033,83.83,2,5,13,1
CHEMBL278623,MACIMORELIN,CC(C)(N)C(=O)N[C@H](Cc1c[nH]c2ccccc12)C(=O)N[C@H](Cc1c[nH]c2ccccc12)NC=O,474.56500000000017,1.8447999999999996,144.89999999999998,6,4,10,4
CHEMBL607,MEPERIDINE,CCOC(=O)C1(c2ccccc2)CCN(C)CC1,247.33799999999994,2.2131,29.54,0,3,3,2
CHEMBL282052,METHAQUALONE,Cc1ccccc1-n1c(C)nc2ccccc2c1=O,250.30100000000002,3.0025400000000015,34.89,0,2,1,3
CHEMBL608,PROBUCOL,CC(C)(Sc1cc(C(C)(C)C)c(O)c(C(C)(C)C)c1)Sc1cc(C(C)(C)C)c(O)c(C(C)(C)C)c1,516.8570000000003,9.908299999999995,40.46,2,4,4,2
CHEMBL19299,LOXOPROFEN,CC(C(=O)O)c1ccc(CC2CCCC2=O)cc1,246.30599999999993,2.7864000000000013,54.37,1,2,4,2
CHEMBL609,TRIENTINE,NCCNCCNCCN,146.238,-1.916999999999998,76.1,4,4,7,0
CHEMBL19490,ZOMEPIRAC,Cc1cc(CC(=O)O)n(C)c1C(=O)c1ccc(Cl)cc1,291.73400000000004,2.8450200000000017,59.3,1,2,4,2
CHEMBL611,TERAZOSIN,COc1cc2nc(N3CCN(C(=O)C4CCCO4)CC3)nc(N)c2cc1OC,387.44000000000017,1.0567999999999995,103.04,1,8,4,4
CHEMBL19393,LEVAMFETAMINE,C[C@@H](N)Cc1ccccc1,135.20999999999998,1.5763,26.02,1,1,2,1
CHEMBL612,DEXTROAMPHETAMINE,C[C@H](N)Cc1ccccc1,135.20999999999998,1.5763,26.02,1,1,2,1
CHEMBL282724,SITAXENTAN,Cc1cc2c(cc1CC(=O)c1sccc1S(=O)(=O)Nc1onc(C)c1Cl)OCO2,454.91300000000024,3.9612400000000028,107.73,1,8,6,4
CHEMBL614,PYRAZINAMIDE,NC(=O)c1cnccn1,123.11499999999998,-0.4245000000000001,68.87,1,3,1,1
CHEMBL19449,IBUDILAST,CC(C)C(=O)c1c(C(C)C)nn2ccccc12,230.311,3.296400000000002,34.370000000000005,0,2,3,2
CHEMBL282042,SAQUINAVIR MESYLATE,CC(C)(C)NC(=O)[C@@H]1C[C@@H]2CCCC[C@@H]2CN1C[C@@H](O)[C@H](Cc1ccccc1)NC(=O)[C@H](CC(N)=O)NC(=O)c1ccc2ccccc2n1.CS(=O)(=O)O,766.9620000000001,2.5964000000000036,221.11999999999998,6,9,12,5
CHEMBL20883,TEGAFUR,O=c1[nH]c(=O)n(C2CCCO2)cc1F,200.16899999999998,-0.015300000000000313,64.09,1,3,1,2
CHEMBL615,PENICILLIN V,CC1(C)S[C@@H]2[C@H](NC(=O)COc3ccccc3)C(=O)N2[C@H]1C(=O)O,350.3960000000001,0.6970999999999998,95.94000000000001,2,5,5,3
CHEMBL617,CEPHALOTHIN,CC(=O)OCC1=C(C(=O)O)N2C(=O)[C@@H](NC(=O)Cc3cccs3)[C@H]2SC1,396.4460000000001,0.5923000000000007,113.00999999999999,2,7,6,3
CHEMBL125,MILTEFOSINE,CCCCCCCCCCCCCCCCOP(=O)([O-])OCC[N+](C)(C)C,407.57600000000014,5.675500000000006,58.59,0,4,20,0
CHEMBL126,LINEZOLID,CC(=O)NC[C@H]1CN(c2ccc(N3CCOCC3)c(F)c2)C(=O)O1,337.35100000000006,1.1235999999999997,71.11,1,5,4,3
CHEMBL620,CLIDINIUM,C[N+]12CCC(CC1)C(OC(=O)C(O)(c1ccccc1)c1ccccc1)C2,352.45400000000006,2.7045000000000012,46.53,1,3,4,5
CHEMBL127,MEROPENEM,C[C@@H](O)[C@H]1C(=O)N2C(C(=O)O)=C(S[C@@H]3CN[C@H](C(=O)N(C)C)C3)[C@H](C)[C@H]12,383.4700000000002,-0.3079999999999994,110.17999999999999,3,6,5,3
CHEMBL621,TRAZODONE,O=c1n(CCCN2CCN(c3cccc(Cl)c3)CC2)nc2ccccn12,371.8720000000001,2.3617,45.78,0,4,5,4
CHEMBL622,ETODOLAC,CCc1cccc2c3c([nH]c12)C(CC)(CC(=O)O)OCC3,287.35900000000004,3.383000000000002,62.32000000000001,2,2,4,3
CHEMBL21333,PRANLUKAST,O=C(Nc1cccc2c(=O)cc(-c3nnn[nH]3)oc12)c1ccc(OCCCCc2ccccc2)cc1,481.51200000000034,4.627100000000003,123.0,2,7,9,5
CHEMBL623,NEFAZODONE,CCc1nn(CCCN2CCN(c3cccc(Cl)c3)CC2)c(=O)n1CCOc1ccccc1,470.01700000000034,3.5519000000000025,55.53,0,5,10,4
CHEMBL625,THIABENDAZOLE,c1ccc2[nH]c(-c3cscn3)nc2c1,201.254,2.6864,41.57,1,3,1,3
CHEMBL21536,XANOMELINE,CCCCCCOc1nsnc1C1=CCCN(C)C1,281.425,3.2161000000000017,38.25000000000001,0,5,7,2
CHEMBL626,NAFTIFINE,CN(C/C=C/c1ccccc1)Cc1cccc2ccccc12,287.406,4.985000000000004,3.24,0,1,5,3
CHEMBL22097,LORMETAZEPAM,CN1C(=O)C(O)N=C(c2ccccc2Cl)c2cc(Cl)ccc21,335.1900000000001,3.1256000000000013,52.900000000000006,1,3,1,3
CHEMBL628,PENTOXIFYLLINE,CC(=O)CCCCn1c(=O)c2c(ncn2C)n(C)c1=O,278.31200000000007,0.19300000000000006,78.89,0,4,5,2
CHEMBL629,AMITRIPTYLINE,CN(C)CCC=C1c2ccccc2CCc2ccccc21,277.411,4.168600000000003,3.24,0,1,3,3
CHEMBL21869,DIBROMSALAN,O=C(Nc1ccc(Br)cc1)c1cc(Br)ccc1O,371.028,4.169500000000001,49.33,2,2,2,2
CHEMBL24944,TRIBROMSALAN,O=C(Nc1ccc(Br)cc1)c1cc(Br)cc(Br)c1O,449.92400000000004,4.932000000000001,49.33,2,2,2,2
CHEMBL128,SUMATRIPTAN,CNS(=O)(=O)Cc1ccc2[nH]cc(CCN(C)C)c2c1,295.408,1.3211999999999997,65.2,2,3,6,2
CHEMBL631,PROPAFENONE,CCCNCC(O)COc1ccccc1C(=O)CCc1ccccc1,341.4510000000001,3.2414000000000023,58.559999999999995,2,4,11,2
CHEMBL632,BETAMETHASONE,C[C@H]1C[C@H]2[C@@H]3CCC4=CC(=O)C=C[C@]4(C)[C@@]3(F)[C@@H](O)C[C@]2(C)[C@@]1(O)C(=O)CO,392.4670000000002,1.8957000000000002,94.83,3,5,2,4
CHEMBL633,AMIODARONE,CCCCc1oc2ccccc2c1C(=O)c1cc(I)c(OCCN(CC)CC)c(I)c1,645.3190000000002,6.936200000000007,42.68,0,4,11,3
CHEMBL634,ALFENTANIL,CCC(=O)N(c1ccccc1)C1(COC)CCN(CCn2nnn(CC)c2=O)CC1,416.52600000000024,1.3838999999999997,85.49000000000001,0,6,9,3
CHEMBL635,PREDNISONE,C[C@]12C=CC(=O)C=C1CC[C@@H]1[C@@H]2C(=O)C[C@@]2(C)[C@H]1CC[C@]2(O)C(=O)CO,358.43400000000014,1.7658,91.67,2,5,2,4
CHEMBL636,RIVASTIGMINE,CCN(C)C(=O)Oc1cccc([C@H](C)N(C)C)c1,250.34199999999998,2.7597000000000014,32.78,0,3,4,1
CHEMBL637,VENLAFAXINE,COc1ccc(C(CN(C)C)C2(O)CCCCC2)cc1,277.4079999999999,3.0356000000000014,32.7,1,3,5,2
CHEMBL129,ZIDOVUDINE,Cc1cn([C@H]2C[C@H](N=[N+]=[N-])[C@@H](CO)O2)c(=O)[nH]c1=O,267.245,-0.19628000000000012,133.07999999999998,2,5,3,2
CHEMBL638,VORICONAZOLE,C[C@@H](c1ncncc1F)[C@](O)(Cn1cncn1)c1ccc(F)cc1F,349.31600000000003,2.1769,76.72,1,5,5,3
CHEMBL639,AZELASTINE,CN1CCCC(n2nc(Cc3ccc(Cl)cc3)c3ccccc3c2=O)CC1,381.9070000000002,4.297500000000004,38.13,0,3,3,4
CHEMBL130,CHLORAMPHENICOL,O=C(N[C@H](CO)[C@H](O)c1ccc([N+](=O)[O-])cc1)C(Cl)Cl,323.13199999999995,0.9089999999999998,112.70000000000002,3,5,6,1
CHEMBL640,PROCAINAMIDE,CCN(CC)CCNC(=O)c1ccc(N)cc1,235.33100000000002,1.3403999999999996,58.36,2,3,6,1
CHEMBL641,ATOMOXETINE,CNCC[C@@H](Oc1ccccc1C)c1ccccc1,255.361,3.7246200000000034,21.259999999999998,1,2,6,2
CHEMBL642,ACEBUTOLOL,CCCC(=O)Nc1ccc(OCC(O)CNC(C)C)c(C(C)=O)c1,336.4320000000001,2.3655,87.66,3,5,10,1
CHEMBL643,PROMETHAZINE,CC(CN1c2ccccc2Sc2ccccc21)N(C)C,284.428,4.239400000000003,6.48,0,3,3,3
CHEMBL131,PREDNISOLONE,C[C@]12C=CC(=O)C=C1CC[C@@H]1[C@@H]2[C@@H](O)C[C@@]2(C)[C@H]1CC[C@]2(O)C(=O)CO,360.4500000000002,1.5575999999999999,94.83,3,5,2,4
CHEMBL644,TRIMIPRAMINE,CC(CN(C)C)CN1c2ccccc2CCc2ccccc21,294.442,4.121000000000003,6.48,0,2,4,3
CHEMBL645,BISOPROLOL,CC(C)NCC(O)COc1ccc(COCCOC(C)C)cc1,325.449,2.3659,59.95,2,5,12,1
CHEMBL646,TRIAZOLAM,Cc1nnc2n1-c1ccc(Cl)cc1C(c1ccccc1Cl)=NC2,343.21700000000004,4.233520000000002,43.07,0,3,1,4
CHEMBL647,APRACLONIDINE,Nc1cc(Cl)c(N=C2NCCN2)c(Cl)c1,245.113,1.7558999999999998,62.44,3,2,1,2
CHEMBL648,CYCLIZINE,CN1CCN(C(c2ccccc2)c2ccccc2)CC1,266.38800000000003,3.0234000000000014,6.48,0,2,3,3
CHEMBL434394,NEBIVOLOL,OC(CNCC(O)C1CCc2cc(F)ccc2O1)C1CCc2cc(F)ccc2O1,405.44100000000014,2.363600000000001,70.95,3,5,6,4
CHEMBL650,METHYLPREDNISOLONE,C[C@H]1C[C@@H]2[C@H]([C@@H](O)C[C@@]3(C)[C@H]2CC[C@]3(O)C(=O)CO)[C@@]2(C)C=CC(=O)C=C12,374.4770000000001,1.8036,94.83000000000001,3,5,2,4
CHEMBL651,METHADONE,CCC(=O)C(CC(C)N(C)C)(c1ccccc1)c1ccccc1,309.45300000000003,4.292000000000004,20.310000000000002,0,2,7,2
CHEMBL652,FLECAINIDE,O=C(NCC1CCCCN1)c1cc(OCC(F)(F)F)ccc1OCC(F)(F)F,414.34600000000006,3.4407000000000014,59.59,2,4,7,2
CHEMBL134,CLONIDINE,Clc1cccc(Cl)c1NC1=NCCN1,230.09799999999998,2.3644999999999996,36.42,2,3,1,2
CHEMBL654,MIRTAZAPINE,CN1CCN2c3ncccc3Cc3ccccc3C2C1,265.36,2.4789000000000003,19.37,0,3,0,4
CHEMBL655,MIDAZOLAM,Cc1ncc2n1-c1ccc(Cl)cc1C(c1ccccc1F)=NC2,325.77400000000006,4.324220000000002,30.18,0,2,1,4
CHEMBL22242,REMOXIPRIDE,CCN1CCC[C@H]1CNC(=O)c1c(OC)ccc(Br)c1OC,371.2750000000001,2.6804000000000006,50.80000000000001,1,4,6,2
CHEMBL656,OXYCODONE,COc1ccc2c3c1O[C@H]1C(=O)CC[C@@]4(O)[C@@H](C2)N(C)CC[C@]314,315.3690000000001,1.0481999999999998,59.00000000000001,1,5,1,5
CHEMBL135,ESTRADIOL,C[C@]12CC[C@@H]3c4ccc(O)cc4CC[C@H]3[C@@H]1CC[C@@H]2O,272.3879999999999,3.6092000000000026,40.46,2,2,0,4
CHEMBL657,DIPHENHYDRAMINE,CN(C)CCOC(c1ccccc1)c1ccccc1,255.36100000000002,3.3542000000000023,12.47,0,2,6,2
CHEMBL658,SUFENTANIL,CCC(=O)N(c1ccccc1)C1(COC)CCN(CCc2cccs2)CC1,386.56100000000015,4.214800000000004,32.78,0,4,8,3
CHEMBL659,GALANTAMINE,COc1ccc2c3c1O[C@H]1C[C@@H](O)C=C[C@@]31CCN(C)C2,287.35900000000004,1.8503,41.93,1,4,1,4
CHEMBL660,AMANTADINE,NC12CC3CC(CC(C3)C1)C2,151.253,1.9139,26.02,1,1,0,4
CHEMBL661,ALPRAZOLAM,Cc1nnc2n1-c1ccc(Cl)cc1C(c1ccccc1)=NC2,308.77200000000005,3.5801200000000017,43.07,0,3,1,4
CHEMBL21731,MAPROTILINE,CNCCCC12CCC(c3ccccc31)c1ccccc12,277.41100000000006,4.211400000000004,12.03,1,1,4,5
CHEMBL666,FOSCARNET,O=C(O)P(=O)(O)O,126.00399999999998,-0.1579000000000001,94.83,3,2,1,0
CHEMBL667,ACETYLCHOLINE,CC(=O)OCC[N+](C)(C)C,146.21,0.25570000000000004,26.3,0,2,3,0
CHEMBL137,METRONIDAZOLE,Cc1ncc([N+](=O)[O-])n1CCO,171.15599999999998,0.09201999999999994,81.19,1,4,3,1
CHEMBL668,PROTRIPTYLINE,CNCCCC1c2ccccc2C=Cc2ccccc21,263.384,4.301900000000003,12.03,1,1,4,3
CHEMBL669,CYCLOBENZAPRINE,CN(C)CCC=C1c2ccccc2C=Cc2ccccc21,275.39500000000004,4.553800000000004,3.24,0,1,3,3
CHEMBL671,THIOTEPA,S=P(N1CC1)(N1CC1)N1CC1,189.22399999999996,0.15770000000000017,9.03,0,1,3,3
CHEMBL672,FENOFIBRATE,CC(C)OC(=O)C(C)(C)Oc1ccc(C(=O)c2ccc(Cl)cc2)cc1,360.837,4.680000000000004,52.6,0,4,6,2
CHEMBL673,PARGYLINE,C#CCN(C)Cc1ccccc1,159.232,1.7516,3.24,0,1,3,1
CHEMBL25105,HEXAMIDINE,N=C(N)c1ccc(OCCCCCCOc2ccc(C(=N)N)cc2)cc1,354.454,3.272940000000001,118.2,4,4,11,2
CHEMBL675,ALENDRONATE SODIUM,NCCCC(O)(P(=O)([O-])O)P(=O)(O)O.[Na+],271.078,-4.901199999999997,164.14,5,5,5,0
CHEMBL677,LEVONORDEFRIN,C[C@H](N)[C@H](O)c1ccc(O)c(O)c1,183.207,0.4784,86.71000000000001,4,4,2,1
CHEMBL679,EPINEPHRINE,CNC[C@H](O)c1ccc(O)c(O)c1,183.207,0.35060000000000013,72.72,4,4,3,1
CHEMBL680,CEFACLOR ANHYDROUS,N[C@@H](C(=O)N[C@@H]1C(=O)N2C(C(=O)O)=C(Cl)CS[C@H]12)c1ccccc1,367.814,0.6213000000000004,112.73,3,5,4,3
CHEMBL681,ETOMIDATE,CCOC(=O)c1cncn1[C@H](C)c1ccccc1,244.294,2.669100000000001,44.12,0,3,4,2
CHEMBL682,AMODIAQUINE,CCN(CC)Cc1cc(Nc2ccnc3cc(Cl)ccc23)ccc1O,355.8690000000001,5.179200000000004,48.39,2,4,6,3
CHEMBL684,DIETHYLCARBAMAZINE,CCN(CC)C(=O)N1CCN(C)CC1,199.29799999999994,0.6956,26.790000000000006,0,2,2,1
CHEMBL685,MEBENDAZOLE,COC(=O)Nc1nc2cc(C(=O)c3ccccc3)ccc2[nH]1,295.298,2.972200000000001,84.07999999999998,2,4,3,3
CHEMBL139,DICLOFENAC,O=C(O)Cc1ccccc1Nc1c(Cl)cccc1Cl,296.153,4.364100000000001,49.33,2,2,4,2
CHEMBL686,MEFENAMIC ACID,Cc1cccc(Nc2ccccc2C(=O)O)c1C,241.29,3.7452400000000017,49.33,2,2,3,2
CHEMBL688,FENTANYL CITRATE,CCC(=O)N(c1ccccc1)C1CCN(CCc2ccccc2)CC1.O=C(O)CC(O)(CC(=O)O)C(=O)O,528.6020000000003,2.8882000000000003,155.68,4,6,11,3
CHEMBL689,MANNITOL,OC[C@@H](O)[C@@H](O)[C@H](O)[C@H](O)CO,182.172,-3.5854000000000004,121.38000000000001,6,6,5,0
CHEMBL690,PRAVASTATIN SODIUM,CC[C@H](C)C(=O)O[C@H]1C[C@H](O)C=C2C=C[C@H](C)[C@H](CC[C@@H](O)C[C@@H](O)CC(=O)[O-])[C@H]21.[Na+],446.51600000000025,-1.8902999999999948,127.12,3,7,10,2
CHEMBL24072,PRENYLAMINE,CC(Cc1ccccc1)NCCC(c1ccccc1)c1ccccc1,329.487,5.4294000000000056,12.03,1,1,8,3
CHEMBL691,ETHINYL ESTRADIOL,C#C[C@]1(O)CC[C@H]2[C@@H]3CCc4cc(O)ccc4[C@H]3CC[C@@]21C,296.4100000000001,3.6126000000000023,40.46,2,2,0,4
CHEMBL284348,DALFAMPRIDINE,Nc1ccncc1,94.11699999999999,0.6638000000000001,38.91,1,2,0,1
CHEMBL692,GLYCERIN,OCC(O)CO,92.09400000000001,-1.6681000000000001,60.69,3,3,2,0
CHEMBL695,TRIMETHADIONE,CN1C(=O)OC(C)(C)C1=O,143.142,0.37359999999999993,46.61,0,3,0,1
CHEMBL696,ETHOSUXIMIDE,CCC1(C)CC(=O)NC1=O,141.17,0.4491999999999999,46.17,1,2,1,1
CHEMBL697,METHSUXIMIDE,CN1C(=O)CC(C)(c2ccccc2)C1=O,203.241,1.333,37.38,0,2,1,2
CHEMBL698,TETRACAINE,CCCCNc1ccc(C(=O)OCCN(C)C)cc1,264.3689999999999,2.617000000000001,41.57,1,4,8,1
CHEMBL24441,BETAHISTINE,CNCCc1ccccn1,136.19799999999995,0.8434999999999999,24.92,1,2,3,1
CHEMBL700,SULFAPYRIDINE,Nc1ccc(S(=O)(=O)Nc2ccccn2)cc1,249.29500000000004,1.4646000000000001,85.08,2,4,3,2
CHEMBL701,BACLOFEN,NCC(CC(=O)O)c1ccc(Cl)cc1,213.664,1.857,63.32000000000001,2,2,4,1
CHEMBL702,PIPERACILLIN,CCN1CCN(C(=O)N[C@@H](C(=O)N[C@@H]2C(=O)N3[C@@H]2SC(C)(C)[C@@H]3C(=O)O)c2ccccc2)C(=O)C1=O,517.5640000000003,-0.24029999999999685,156.43,3,7,6,4
CHEMBL703,SUXAMETHONIUM,C[N+](C)(C)CCOC(=O)CCC(=O)OCC[N+](C)(C)C,290.404,0.2654000000000025,52.60000000000001,0,4,9,0
CHEMBL704,MESALAMINE,Nc1ccc(O)c(C(=O)O)c1,153.137,0.6726000000000001,83.55,3,3,1,1
CHEMBL705,ALITRETINOIN,CC1=C(/C=C/C(C)=C\C=C\C(C)=C\C(=O)O)C(C)(C)CCC1,300.44200000000006,5.602600000000005,37.3,1,1,5,1
CHEMBL706,CETYL ALCOHOL,CCCCCCCCCCCCCCCCO,242.44699999999992,5.460000000000006,20.23,1,1,14,0
CHEMBL24778,SILODOSIN,C[C@H](Cc1cc2c(c(C(N)=O)c1)N(CCCO)CC2)NCCOc1ccccc1OCC(F)(F)F,495.5420000000002,3.0711000000000013,97.05000000000001,3,6,13,3
CHEMBL707,DOXAZOSIN,COc1cc2nc(N3CCN(C(=O)C4COc5ccccc5O4)CC3)nc(N)c2cc1OC,451.4830000000003,1.7177999999999993,112.27000000000001,1,9,4,5
CHEMBL279516,INDORAMIN,O=C(NC1CCN(CCc2c[nH]c3ccccc23)CC1)c1ccccc1,347.46200000000016,3.604800000000002,48.13,2,2,5,4
CHEMBL24828,VANDETANIB,COc1cc2/c(=N/c3ccc(Br)cc3F)nc[nH]c2cc1OCC1CCN(C)CC1,475.3620000000003,4.426100000000003,62.74,1,5,5,4
CHEMBL278819,MINAPRINE,Cc1cc(-c2ccccc2)nnc1NCCN1CCOCC1,298.39000000000004,2.1961199999999996,50.28,1,5,5,3
CHEMBL25202,TAMIBAROTENE,CC1(C)CCC(C)(C)c2cc(NC(=O)c3ccc(C(=O)O)cc3)ccc21,351.4460000000001,4.986100000000004,66.4,2,2,3,3
CHEMBL708,ZIPRASIDONE,O=C1Cc2cc(CCN3CCN(c4nsc5ccccc45)CC3)c(Cl)cc2N1,412.9460000000002,3.809000000000002,48.470000000000006,1,5,4,5
CHEMBL709,ALFUZOSIN,COc1cc2nc(N(C)CCCNC(=O)C3CCCO3)nc(N)c2cc1OC,389.4560000000002,1.3507000000000002,111.83,2,8,8,3
CHEMBL710,FINASTERIDE,CC(C)(C)NC(=O)[C@H]1CC[C@H]2[C@@H]3CC[C@H]4NC(=O)C=C[C@]4(C)[C@H]3CC[C@]12C,372.55300000000017,3.8145000000000024,58.2,2,2,1,4
CHEMBL711,PHENINDIONE,O=C1c2ccccc2C(=O)C1c1ccccc1,222.243,2.849400000000001,34.14,0,2,1,3
CHEMBL712,ANISINDIONE,COc1ccc(C2C(=O)c3ccccc3C2=O)cc1,252.269,2.8580000000000005,43.370000000000005,0,3,2,3
CHEMBL24924,FLUINDIONE,O=C1c2ccccc2C(=O)C1c1ccc(F)cc1,240.23299999999998,2.988500000000002,34.14,0,2,1,3
CHEMBL713,ENTECAVIR ANHYDROUS,C=C1[C@H](CO)[C@@H](O)C[C@@H]1n1cnc2c(=O)[nH]c(N)nc21,277.284,-0.8278000000000001,130.04999999999998,4,6,2,3
CHEMBL141,LAMIVUDINE,Nc1ccn([C@@H]2CS[C@H](CO)O2)c(=O)n1,229.261,-0.5941000000000001,90.36999999999999,2,6,2,2
CHEMBL714,ALBUTEROL,CC(C)(C)NCC(O)c1ccc(O)c(CO)c1,239.315,1.3059999999999998,72.72,4,4,4,1
CHEMBL715,OLANZAPINE,Cc1cc2c(s1)Nc1ccccc1N=C2N1CCN(C)CC1,312.4420000000001,3.4392200000000033,30.870000000000005,1,5,0,4
CHEMBL716,QUETIAPINE,OCCOCCN1CCN(C2=Nc3ccccc3Sc3ccccc32)CC1,383.51700000000017,2.8560000000000016,48.300000000000004,1,6,5,4
CHEMBL28333,MEDAZEPAM,CN1CCN=C(c2ccccc2)c2cc(Cl)ccc21,270.76300000000003,3.627200000000003,15.6,0,2,1,3
CHEMBL717,MEDROXYPROGESTERONE ACETATE,CC(=O)O[C@]1(C(C)=O)CC[C@H]2[C@@H]3C[C@H](C)C4=CC(=O)CC[C@]4(C)[C@H]3CC[C@@]21C,386.53200000000027,4.655200000000004,60.440000000000005,0,4,2,4
CHEMBL28218,BROMPERIDOL,O=C(CCCN1CCC(O)(c2ccc(Br)cc2)CC1)c1ccc(F)cc1,420.3220000000002,4.5347000000000035,40.540000000000006,1,3,6,3
CHEMBL719,MUPIROCIN,C/C(=C\C(=O)OCCCCCCCCC(=O)O)C[C@@H]1OC[C@H](C[C@@H]2O[C@H]2[C@@H](C)[C@H](C)O)[C@@H](O)[C@H]1O,500.62900000000013,2.5925000000000016,146.05,4,8,16,2
CHEMBL720,BENZYL ALCOHOL,OCc1ccccc1,108.13999999999997,1.1789,20.23,1,1,1,1
CHEMBL28318,PROPYPHENAZONE,Cc1c(C(C)C)c(=O)n(-c2ccccc2)n1C,230.31100000000004,2.607820000000001,26.93,0,1,2,2
CHEMBL27810,CELIPROLOL,CCN(CC)C(=O)Nc1ccc(OCC(O)CNC(C)(C)C)c(C(C)=O)c1,379.5010000000002,2.8907000000000007,90.9,3,5,9,1
CHEMBL434200,TERTATOLOL,CC(C)(C)NCC(O)COc1cccc2c1SCCC2,295.4480000000001,2.8527000000000013,41.489999999999995,2,4,5,2
CHEMBL723,CARVEDILOL,COc1ccccc1OCCNCC(O)COc1cccc2[nH]c3ccccc3c12,406.482,3.738000000000002,75.74000000000001,3,5,10,4
CHEMBL726,FLUPHENAZINE,OCCN1CCN(CCCN2c3ccccc3Sc3ccc(C(F)(F)F)cc32)CC1,437.5310000000002,4.308100000000003,29.950000000000003,1,5,6,4
CHEMBL727,THIOGUANINE,Nc1nc2[nH]cnc2c(=S)[nH]1,167.197,0.59769,83.38,3,4,0,2
CHEMBL27193,DILEVALOL,C[C@H](CCc1ccccc1)NC[C@H](O)c1ccc(O)c(C(N)=O)c1,328.4120000000001,2.1353999999999997,95.57999999999998,4,4,8,2
CHEMBL728,PROCHLORPERAZINE,CN1CCN(CCCN2c3ccccc3Sc3ccc(Cl)cc32)CC1,373.95300000000015,4.580200000000004,9.72,0,4,4,4
CHEMBL729,LOPINAVIR,Cc1cccc(C)c1OCC(=O)N[C@@H](Cc1ccccc1)[C@@H](O)C[C@H](Cc1ccccc1)NC(=O)[C@H](C(C)C)N1CCCNC1=O,628.8139999999999,4.328140000000003,120.0,4,5,15,4
CHEMBL730,NITROGLYCERIN,O=[N+]([O-])OCC(CO[N+](=O)[O-])O[N+](=O)[O-],227.08499999999998,-1.0200999999999996,157.11,0,9,8,0
CHEMBL734,ACETOHYDROXAMIC ACID,CC(=O)NO,75.067,-0.4882999999999999,49.33,2,2,0,0
CHEMBL284906,NICORANDIL,O=C(NCCO[N+](=O)[O-])c1cccnc1,211.17700000000002,0.01969999999999983,94.36,1,5,5,1
CHEMBL282121,MEBEVERINE,CCN(CCCCOC(=O)c1ccc(OC)c(OC)c1)C(C)Cc1ccc(OC)cc1,429.5570000000002,4.6025000000000045,57.230000000000004,0,6,13,2
CHEMBL738,THIOPENTAL SODIUM,CCCC(C)C1(CC)C(=O)[N-]C(=S)NC1=O.[Na+],264.326,-0.8619999999999983,60.27,1,3,4,1
CHEMBL30219,METHOHEXITAL SODIUM,C=CCC1(C(C)C#CCC)C(=O)N=C([O-])N(C)C1=O.[Na+],284.291,-2.682699999999996,72.8,0,3,3,1
CHEMBL741,LAMOTRIGINE,Nc1nnc(-c2cccc(Cl)c2Cl)c(N)n1,256.09599999999995,2.0098,90.71,2,5,1,2
CHEMBL742,KETAMINE,CNC1(c2ccccc2Cl)CCCCC1=O,237.7299999999999,2.897800000000001,29.1,1,2,2,2
CHEMBL744,RILUZOLE,Nc1nc2ccc(OC(F)(F)F)cc2s1,234.20199999999994,2.7771,48.14,1,4,1,2
CHEMBL746,NEDOCROMIL,CCCc1c2oc(C(=O)O)cc(=O)c2cc2c(=O)cc(C(=O)O)n(CC)c12,371.34500000000014,2.476700000000001,126.80999999999997,2,5,5,3
CHEMBL748,PRALIDOXIME CHLORIDE,C[n+]1ccccc1/C=N/O.[Cl-],172.615,-2.6767999999999983,36.47,1,2,1,1
CHEMBL750,ZONISAMIDE,NS(=O)(=O)Cc1noc2ccccc12,212.23000000000002,0.6163,86.19000000000001,1,4,2,2
CHEMBL752,ADENOSINE PHOSPHATE,Nc1ncnc2c1ncn2[C@@H]1O[C@H](COP(=O)(O)O)[C@@H](O)[C@H]1O,347.224,-1.8630000000000009,186.07,5,9,4,3
CHEMBL753,PHENOXYBENZAMINE,CC(COc1ccccc1)N(CCCl)Cc1ccccc1,303.83299999999997,4.194900000000003,12.47,0,2,8,2
CHEMBL754,FOSCARNET SODIUM,O=C([O-])P(=O)([O-])[O-].[Na+].[Na+].[Na+],191.95000000000002,-11.7446,103.32,0,5,1,0
CHEMBL760,ANAGRELIDE,O=C1CN2Cc3c(ccc(Cl)c3Cl)N=C2N1,256.092,1.9263000000000001,44.7,1,3,0,3
CHEMBL761,NAPHAZOLINE,c1ccc2c(CC3=NCCN3)cccc2c1,210.28000000000003,2.3840000000000003,24.39,1,2,2,3
CHEMBL762,OXYMETAZOLINE,Cc1cc(C(C)(C)C)c(O)c(C)c1CC1=NCCN1,260.3809999999999,2.850740000000001,44.620000000000005,2,3,2,2
CHEMBL765,GUANETHIDINE,N=C(N)NCCN1CCCCCCC1,198.31399999999994,0.7355699999999996,65.14,3,2,3,1
CHEMBL766,CILASTATIN,CC1(C)C[C@@H]1C(=O)N/C(=C\CCCCSC[C@H](N)C(=O)O)C(=O)O,358.46000000000004,1.4326000000000003,129.72,4,5,11,1
CHEMBL768,ESMOLOL,COC(=O)CCc1ccc(OCC(O)CNC(C)C)cc1,295.379,1.5298999999999996,67.79,2,5,9,1
CHEMBL770,TOLAZOLINE,c1ccc(CC2=NCCN2)cc1,160.22000000000003,1.2308,24.39,1,2,2,2
CHEMBL771,CYCLOSERINE,N[C@@H]1CONC1=O,102.09299999999999,-1.6249000000000007,64.35,2,3,0,1
CHEMBL148,IMIPENEM ANHYDROUS,C[C@@H](O)[C@H]1C(=O)N2C(C(=O)O)=C(SCCNC=N)C[C@H]12,299.35200000000003,-0.17602999999999924,113.72,4,5,7,2
CHEMBL772,RESERPINE,COC(=O)[C@H]1[C@H]2C[C@@H]3c4[nH]c5cc(OC)ccc5c4CCN3C[C@H]2C[C@@H](OC(=O)c2cc(OC)c(OC)c(OC)c2)[C@@H]1OC,608.6880000000004,4.171100000000004,117.78000000000003,1,10,8,6
CHEMBL773,GLYCINE,NCC(=O)O,75.067,-0.9702999999999999,63.32000000000001,2,2,1,0
CHEMBL776,METAPROTERENOL,CC(C)NCC(O)c1cc(O)cc(O)c1,211.261,1.1291999999999998,72.72,4,4,4,1
CHEMBL777,CLAVULANIC ACID,O=C(O)[C@H]1/C(=C/CO)O[C@@H]2CC(=O)N21,199.16199999999998,-1.0956,87.07000000000001,2,4,2,2
CHEMBL778,DEXMEDETOMIDINE,Cc1cccc([C@H](C)c2c[nH]cn2)c1C,200.28500000000003,3.1783400000000013,28.68,1,1,2,2
CHEMBL779,TADALAFIL,CN1CC(=O)N2[C@H](c3ccc4c(c3)OCO4)c3[nH]c4ccccc4c3C[C@@H]2C1=O,389.4110000000002,2.2112999999999996,74.87,1,4,1,6
CHEMBL33986,BUTORPHANOL,Oc1ccc2c(c1)[C@@]13CCCC[C@@]1(O)[C@@H](C2)N(CC1CCC1)CC3,327.46800000000013,3.3656000000000015,43.7,2,3,2,5
CHEMBL780,PENTETIC ACID,O=C(O)CN(CCN(CC(=O)O)CC(=O)O)CCN(CC(=O)O)CC(=O)O,393.3490000000002,-2.6845999999999934,196.21999999999997,5,8,16,0
CHEMBL781,MAZINDOL,OC1(c2ccc(Cl)cc2)c2ccccc2C2=NCCN21,284.74600000000004,2.6092000000000004,35.830000000000005,1,3,1,4
CHEMBL290106,BITHIONOL,Oc1c(Cl)cc(Cl)cc1Sc1cc(Cl)cc(Cl)c1O,356.057,5.862600000000001,40.46,2,3,2,2
CHEMBL782,TOLBUTAMIDE,CCCCNC(=O)NS(=O)(=O)c1ccc(C)cc1,270.354,1.78302,75.27000000000001,2,3,5,1
CHEMBL783,NATEGLINIDE,CC(C)[C@H]1CC[C@H](C(=O)N[C@H](Cc2ccccc2)C(=O)O)CC1,317.42900000000014,3.2609000000000012,66.4,2,2,6,2
CHEMBL32479,BROTIZOLAM,Cc1nnc2n1-c1sc(Br)cc1C(c1ccccc1Cl)=NC2,393.69700000000006,4.404120000000002,43.07,0,4,1,4
CHEMBL786,TAMOXIFEN CITRATE,CC/C(=C(\c1ccccc1)c1ccc(OCCN(C)C)cc1)c1ccccc1.O=C(O)CC(O)(CC(=O)O)C(=O)O,563.6470000000003,4.747600000000002,144.6,4,6,13,3
CHEMBL787,MONTELUKAST,CC(C)(O)c1ccccc1CC[C@@H](SCC1(CC(=O)O)CC1)c1cccc(/C=C/c2ccc3ccc(Cl)cc3n2)c1,586.1970000000001,8.948000000000002,70.42,2,4,12,5
CHEMBL788,IDOXURIDINE,O=c1[nH]c(=O)n([C@H]2C[C@H](O)[C@@H](CO)O2)cc1I,354.1,-1.2181000000000002,104.55000000000001,3,5,2,2
CHEMBL36506,NOVOBIOCIN,CO[C@@H]1[C@@H](OC(N)=O)[C@@H](O)[C@H](Oc2ccc3c(O)c(NC(=O)c4ccc(O)c(CC=C(C)C)c4)c(=O)oc3c2C)OC1(C)C,612.6320000000002,3.6271200000000023,200.00999999999996,5,11,8,4
CHEMBL152,CIDOFOVIR ANHYDROUS,Nc1ccn(C[C@@H](CO)OCP(=O)(O)O)c(=O)n1,279.18899999999996,-1.6618000000000002,147.89999999999998,4,6,6,1
CHEMBL790,CHLORHEXIDINE,N=C(NCCCCCCNC(=N)NC(=N)Nc1ccc(Cl)cc1)NC(=N)Nc1ccc(Cl)cc1,505.4580000000002,4.175280000000002,167.58,10,4,9,2
CHEMBL32800,FENOTEROL,CC(Cc1ccc(O)cc1)NCC(O)c1cc(O)cc(O)c1,303.358,2.0576,92.95,5,5,6,2
CHEMBL796,METHYLPHENIDATE,COC(=O)C(c1ccccc1)C1CCCCN1,233.31099999999995,2.0852999999999997,38.33,1,3,3,2
CHEMBL285674,ESTAZOLAM,Clc1ccc2c(c1)C(c1ccccc1)=NCc1nncn1-2,294.745,3.2717000000000027,43.07,0,3,1,4
CHEMBL797,PHENSUXIMIDE,CN1C(=O)CC(c2ccccc2)C1=O,189.214,1.1588999999999998,37.38,0,2,1,2
CHEMBL34259,METHOTREXATE,CN(Cc1cnc2nc(N)nc(N)c2n1)c1ccc(C(=O)N[C@@H](CCC(=O)O)C(=O)O)cc1,454.44700000000023,0.2684000000000012,210.53999999999996,5,10,9,3
CHEMBL284092,GEPIRONE,CC1(C)CC(=O)N(CCCCN2CCN(c3ncccn3)CC2)C(=O)C1,359.47400000000016,1.5539999999999996,69.64000000000001,0,6,6,3
CHEMBL799,CILOSTAZOL,O=C1CCc2cc(OCCCCc3nnnn3C3CCCCC3)ccc2N1,369.4690000000002,3.4647000000000014,81.93,1,5,7,4
CHEMBL802,MINOXIDIL,Nc1cc(N2CCCCC2)nc(N)[n+]1[O-],209.25300000000001,-0.13029999999999975,95.11,2,5,1,2
CHEMBL154,NAPROXEN,COc1ccc2cc([C@H](C)C(=O)O)ccc2c1,230.26299999999998,3.036500000000001,46.53,1,2,3,2
CHEMBL416956,MEFLOQUINE,OC(c1cc(C(F)(F)F)nc2c(C(F)(F)F)cccc12)C1CCCCN1,378.31600000000014,4.447900000000003,45.150000000000006,2,3,2,3
CHEMBL803,CYTARABINE,Nc1ccn([C@@H]2O[C@H](CO)[C@@H](O)[C@@H]2O)c(=O)n1,243.21900000000002,-2.563,130.82999999999998,4,7,2,2
CHEMBL806,FLUTAMIDE,CC(C)C(=O)Nc1ccc([N+](=O)[O-])c(C(F)(F)F)c1,276.21399999999994,3.2081000000000017,72.24,1,3,3,1
CHEMBL807,MEMANTINE,CC12CC3CC(C)(C1)CC(N)(C3)C2,179.307,2.6941000000000006,26.02,1,1,0,4
CHEMBL808,ECONAZOLE,Clc1ccc(COC(Cn2ccnc2)c2ccc(Cl)cc2Cl)cc1,381.69000000000005,5.801400000000003,27.05,0,2,6,3
CHEMBL809,SERTRALINE,CN[C@H]1CC[C@@H](c2ccc(Cl)c(Cl)c2)c2ccccc21,306.236,5.179600000000004,12.03,1,1,2,3
CHEMBL36715,PIRACETAM,NC(=O)CN1CCCC1=O,142.158,-0.9059000000000004,63.400000000000006,1,2,2,1
CHEMBL810,TEMOZOLOMIDE,Cn1nnc2c(C(N)=O)ncn2c1=O,194.154,-2.078099999999999,108.17000000000002,1,5,1,2
CHEMBL811,BROMPHENIRAMINE,CN(C)CCC(c1ccc(Br)cc1)c1ccccn1,319.246,3.9277000000000024,16.130000000000003,0,2,5,2
CHEMBL37744,ZIMELDINE,CN(C)C/C=C(/c1ccc(Br)cc1)c1cccnc1,317.22999999999996,3.8374000000000024,16.130000000000003,0,2,4,2
